Time,GA3F:GA3F:DENVER INTL AP ANN HTG 99.6% CONDNS DB:Des Heat Load [W],GA3F:GA3F:DENVER INTL AP ANN CLG .4% CONDNS WB=>MDB:Des Sens Cool Load [W],GA3F:GA3F:DENVER INTL AP ANN HTG 99.6% CONDNS DB:Des Heat Mass Flow [kg/s],GA3F:GA3F:DENVER INTL AP ANN CLG .4% CONDNS WB=>MDB:Des Cool Mass Flow [kg/s],GA3F:GA3F::Des Latent Heat Load [W],GA3F:GA3F::Des Latent Cool Load [W],GA3F:GA3F::Des Latent Heat Mass Flow [kg/s],GA3F:GA3F::Des Latent Cool Mass Flow [kg/s],GA3F:GA3F::Des Heat Load No DOAS [W],GA3F:GA3F::Des Sens Cool Load No DOAS [W],GA3F:GA3F::Des Latent Heat Load No DOAS [W],GA3F:GA3F::Des Latent Cool Load No DOAS [W],GA3F:GA3F:DENVER INTL AP ANN HTG 99.6% CONDNS DB:Heating Zone Temperature [C],GA3F:GA3F:DENVER INTL AP ANN HTG 99.6% CONDNS DB:Heating Zone Relative Humidity [%],GA3F:GA3F:DENVER INTL AP ANN CLG .4% CONDNS WB=>MDB:Cooling Zone Temperature [C],GA3F:GA3F:DENVER INTL AP ANN CLG .4% CONDNS WB=>MDB:Cooling Zone Relative Humidity [%],GA2F:GA2F:DENVER INTL AP ANN HTG 99.6% CONDNS DB:Des Heat Load [W],GA2F:GA2F:DENVER INTL AP ANN CLG .4% CONDNS WB=>MDB:Des Sens Cool Load [W],GA2F:GA2F:DENVER INTL AP ANN HTG 99.6% CONDNS DB:Des Heat Mass Flow [kg/s],GA2F:GA2F:DENVER INTL AP ANN CLG .4% CONDNS WB=>MDB:Des Cool Mass Flow [kg/s],GA2F:GA2F::Des Latent Heat Load [W],GA2F:GA2F::Des Latent Cool Load [W],GA2F:GA2F::Des Latent Heat Mass Flow [kg/s],GA2F:GA2F::Des Latent Cool Mass Flow [kg/s],GA2F:GA2F::Des Heat Load No DOAS [W],GA2F:GA2F::Des Sens Cool Load No DOAS [W],GA2F:GA2F::Des Latent Heat Load No DOAS [W],GA2F:GA2F::Des Latent Cool Load No DOAS [W],GA2F:GA2F:DENVER INTL AP ANN HTG 99.6% CONDNS DB:Heating Zone Temperature [C],GA2F:GA2F:DENVER INTL AP ANN HTG 99.6% CONDNS DB:Heating Zone Relative Humidity [%],GA2F:GA2F:DENVER INTL AP ANN CLG .4% CONDNS WB=>MDB:Cooling Zone Temperature [C],GA2F:GA2F:DENVER INTL AP ANN CLG .4% CONDNS WB=>MDB:Cooling Zone Relative Humidity [%],GA1F:GA1F:DENVER INTL AP ANN HTG 99.6% CONDNS DB:Des Heat Load [W],GA1F:GA1F:DENVER INTL AP ANN CLG .4% CONDNS WB=>MDB:Des Sens Cool Load [W],GA1F:GA1F:DENVER INTL AP ANN HTG 99.6% CONDNS DB:Des Heat Mass Flow [kg/s],GA1F:GA1F:DENVER INTL AP ANN CLG .4% CONDNS WB=>MDB:Des Cool Mass Flow [kg/s],GA1F:GA1F::Des Latent Heat Load [W],GA1F:GA1F::Des Latent Cool Load [W],GA1F:GA1F::Des Latent Heat Mass Flow [kg/s],GA1F:GA1F::Des Latent Cool Mass Flow [kg/s],GA1F:GA1F::Des Heat Load No DOAS [W],GA1F:GA1F::Des Sens Cool Load No DOAS [W],GA1F:GA1F::Des Latent Heat Load No DOAS [W],GA1F:GA1F::Des Latent Cool Load No DOAS [W],GA1F:GA1F:DENVER INTL AP ANN HTG 99.6% CONDNS DB:Heating Zone Temperature [C],GA1F:GA1F:DENVER INTL AP ANN HTG 99.6% CONDNS DB:Heating Zone Relative Humidity [%],GA1F:GA1F:DENVER INTL AP ANN CLG .4% CONDNS WB=>MDB:Cooling Zone Temperature [C],GA1F:GA1F:DENVER INTL AP ANN CLG .4% CONDNS WB=>MDB:Cooling Zone Relative Humidity [%],GERMINATION:GERMINATION:DENVER INTL AP ANN HTG 99.6% CONDNS DB:Des Heat Load [W],GERMINATION:GERMINATION:DENVER INTL AP ANN CLG .4% CONDNS WB=>MDB:Des Sens Cool Load [W],GERMINATION:GERMINATION:DENVER INTL AP ANN HTG 99.6% CONDNS DB:Des Heat Mass Flow [kg/s],GERMINATION:GERMINATION:DENVER INTL AP ANN CLG .4% CONDNS WB=>MDB:Des Cool Mass Flow [kg/s],GERMINATION:GERMINATION::Des Latent Heat Load [W],GERMINATION:GERMINATION::Des Latent Cool Load [W],GERMINATION:GERMINATION::Des Latent Heat Mass Flow [kg/s],GERMINATION:GERMINATION::Des Latent Cool Mass Flow [kg/s],GERMINATION:GERMINATION::Des Heat Load No DOAS [W],GERMINATION:GERMINATION::Des Sens Cool Load No DOAS [W],GERMINATION:GERMINATION::Des Latent Heat Load No DOAS [W],GERMINATION:GERMINATION::Des Latent Cool Load No DOAS [W],GERMINATION:GERMINATION:DENVER INTL AP ANN HTG 99.6% CONDNS DB:Heating Zone Temperature [C],GERMINATION:GERMINATION:DENVER INTL AP ANN HTG 99.6% CONDNS DB:Heating Zone Relative Humidity [%],GERMINATION:GERMINATION:DENVER INTL AP ANN CLG .4% CONDNS WB=>MDB:Cooling Zone Temperature [C],GERMINATION:GERMINATION:DENVER INTL AP ANN CLG .4% CONDNS WB=>MDB:Cooling Zone Relative Humidity [%],NGA:LUNCH:DENVER INTL AP ANN HTG 99.6% CONDNS DB:Des Heat Load [W],NGA:LUNCH:DENVER INTL AP ANN CLG .4% CONDNS WB=>MDB:Des Sens Cool Load [W],NGA:LUNCH:DENVER INTL AP ANN HTG 99.6% CONDNS DB:Des Heat Mass Flow [kg/s],NGA:LUNCH:DENVER INTL AP ANN CLG .4% CONDNS WB=>MDB:Des Cool Mass Flow [kg/s],NGA:LUNCH::Des Latent Heat Load [W],NGA:LUNCH::Des Latent Cool Load [W],NGA:LUNCH::Des Latent Heat Mass Flow [kg/s],NGA:LUNCH::Des Latent Cool Mass Flow [kg/s],NGA:LUNCH::Des Heat Load No DOAS [W],NGA:LUNCH::Des Sens Cool Load No DOAS [W],NGA:LUNCH::Des Latent Heat Load No DOAS [W],NGA:LUNCH::Des Latent Cool Load No DOAS [W],NGA:LUNCH:DENVER INTL AP ANN HTG 99.6% CONDNS DB:Heating Zone Temperature [C],NGA:LUNCH:DENVER INTL AP ANN HTG 99.6% CONDNS DB:Heating Zone Relative Humidity [%],NGA:LUNCH:DENVER INTL AP ANN CLG .4% CONDNS WB=>MDB:Cooling Zone Temperature [C],NGA:LUNCH:DENVER INTL AP ANN CLG .4% CONDNS WB=>MDB:Cooling Zone Relative Humidity [%],NGA:MENS:DENVER INTL AP ANN HTG 99.6% CONDNS DB:Des Heat Load [W],NGA:MENS:DENVER INTL AP ANN CLG .4% CONDNS WB=>MDB:Des Sens Cool Load [W],NGA:MENS:DENVER INTL AP ANN HTG 99.6% CONDNS DB:Des Heat Mass Flow [kg/s],NGA:MENS:DENVER INTL AP ANN CLG .4% CONDNS WB=>MDB:Des Cool Mass Flow [kg/s],NGA:MENS::Des Latent Heat Load [W],NGA:MENS::Des Latent Cool Load [W],NGA:MENS::Des Latent Heat Mass Flow [kg/s],NGA:MENS::Des Latent Cool Mass Flow [kg/s],NGA:MENS::Des Heat Load No DOAS [W],NGA:MENS::Des Sens Cool Load No DOAS [W],NGA:MENS::Des Latent Heat Load No DOAS [W],NGA:MENS::Des Latent Cool Load No DOAS [W],NGA:MENS:DENVER INTL AP ANN HTG 99.6% CONDNS DB:Heating Zone Temperature [C],NGA:MENS:DENVER INTL AP ANN HTG 99.6% CONDNS DB:Heating Zone Relative Humidity [%],NGA:MENS:DENVER INTL AP ANN CLG .4% CONDNS WB=>MDB:Cooling Zone Temperature [C],NGA:MENS:DENVER INTL AP ANN CLG .4% CONDNS WB=>MDB:Cooling Zone Relative Humidity [%],NGA:WOMENS:DENVER INTL AP ANN HTG 99.6% CONDNS DB:Des Heat Load [W],NGA:WOMENS:DENVER INTL AP ANN CLG .4% CONDNS WB=>MDB:Des Sens Cool Load [W],NGA:WOMENS:DENVER INTL AP ANN HTG 99.6% CONDNS DB:Des Heat Mass Flow [kg/s],NGA:WOMENS:DENVER INTL AP ANN CLG .4% CONDNS WB=>MDB:Des Cool Mass Flow [kg/s],NGA:WOMENS::Des Latent Heat Load [W],NGA:WOMENS::Des Latent Cool Load [W],NGA:WOMENS::Des Latent Heat Mass Flow [kg/s],NGA:WOMENS::Des Latent Cool Mass Flow [kg/s],NGA:WOMENS::Des Heat Load No DOAS [W],NGA:WOMENS::Des Sens Cool Load No DOAS [W],NGA:WOMENS::Des Latent Heat Load No DOAS [W],NGA:WOMENS::Des Latent Cool Load No DOAS [W],NGA:WOMENS:DENVER INTL AP ANN HTG 99.6% CONDNS DB:Heating Zone Temperature [C],NGA:WOMENS:DENVER INTL AP ANN HTG 99.6% CONDNS DB:Heating Zone Relative Humidity [%],NGA:WOMENS:DENVER INTL AP ANN CLG .4% CONDNS WB=>MDB:Cooling Zone Temperature [C],NGA:WOMENS:DENVER INTL AP ANN CLG .4% CONDNS WB=>MDB:Cooling Zone Relative Humidity [%],NGA:STORAGE:DENVER INTL AP ANN HTG 99.6% CONDNS DB:Des Heat Load [W],NGA:STORAGE:DENVER INTL AP ANN CLG .4% CONDNS WB=>MDB:Des Sens Cool Load [W],NGA:STORAGE:DENVER INTL AP ANN HTG 99.6% CONDNS DB:Des Heat Mass Flow [kg/s],NGA:STORAGE:DENVER INTL AP ANN CLG .4% CONDNS WB=>MDB:Des Cool Mass Flow [kg/s],NGA:STORAGE::Des Latent Heat Load [W],NGA:STORAGE::Des Latent Cool Load [W],NGA:STORAGE::Des Latent Heat Mass Flow [kg/s],NGA:STORAGE::Des Latent Cool Mass Flow [kg/s],NGA:STORAGE::Des Heat Load No DOAS [W],NGA:STORAGE::Des Sens Cool Load No DOAS [W],NGA:STORAGE::Des Latent Heat Load No DOAS [W],NGA:STORAGE::Des Latent Cool Load No DOAS [W],NGA:STORAGE:DENVER INTL AP ANN HTG 99.6% CONDNS DB:Heating Zone Temperature [C],NGA:STORAGE:DENVER INTL AP ANN HTG 99.6% CONDNS DB:Heating Zone Relative Humidity [%],NGA:STORAGE:DENVER INTL AP ANN CLG .4% CONDNS WB=>MDB:Cooling Zone Temperature [C],NGA:STORAGE:DENVER INTL AP ANN CLG .4% CONDNS WB=>MDB:Cooling Zone Relative Humidity [%],NGA:OFFICE:DENVER INTL AP ANN HTG 99.6% CONDNS DB:Des Heat Load [W],NGA:OFFICE:DENVER INTL AP ANN CLG .4% CONDNS WB=>MDB:Des Sens Cool Load [W],NGA:OFFICE:DENVER INTL AP ANN HTG 99.6% CONDNS DB:Des Heat Mass Flow [kg/s],NGA:OFFICE:DENVER INTL AP ANN CLG .4% CONDNS WB=>MDB:Des Cool Mass Flow [kg/s],NGA:OFFICE::Des Latent Heat Load [W],NGA:OFFICE::Des Latent Cool Load [W],NGA:OFFICE::Des Latent Heat Mass Flow [kg/s],NGA:OFFICE::Des Latent Cool Mass Flow [kg/s],NGA:OFFICE::Des Heat Load No DOAS [W],NGA:OFFICE::Des Sens Cool Load No DOAS [W],NGA:OFFICE::Des Latent Heat Load No DOAS [W],NGA:OFFICE::Des Latent Cool Load No DOAS [W],NGA:OFFICE:DENVER INTL AP ANN HTG 99.6% CONDNS DB:Heating Zone Temperature [C],NGA:OFFICE:DENVER INTL AP ANN HTG 99.6% CONDNS DB:Heating Zone Relative Humidity [%],NGA:OFFICE:DENVER INTL AP ANN CLG .4% CONDNS WB=>MDB:Cooling Zone Temperature [C],NGA:OFFICE:DENVER INTL AP ANN CLG .4% CONDNS WB=>MDB:Cooling Zone Relative Humidity [%],NGA:SERVICE:DENVER INTL AP ANN HTG 99.6% CONDNS DB:Des Heat Load [W],NGA:SERVICE:DENVER INTL AP ANN CLG .4% CONDNS WB=>MDB:Des Sens Cool Load [W],NGA:SERVICE:DENVER INTL AP ANN HTG 99.6% CONDNS DB:Des Heat Mass Flow [kg/s],NGA:SERVICE:DENVER INTL AP ANN CLG .4% CONDNS WB=>MDB:Des Cool Mass Flow [kg/s],NGA:SERVICE::Des Latent Heat Load [W],NGA:SERVICE::Des Latent Cool Load [W],NGA:SERVICE::Des Latent Heat Mass Flow [kg/s],NGA:SERVICE::Des Latent Cool Mass Flow [kg/s],NGA:SERVICE::Des Heat Load No DOAS [W],NGA:SERVICE::Des Sens Cool Load No DOAS [W],NGA:SERVICE::Des Latent Heat Load No DOAS [W],NGA:SERVICE::Des Latent Cool Load No DOAS [W],NGA:SERVICE:DENVER INTL AP ANN HTG 99.6% CONDNS DB:Heating Zone Temperature [C],NGA:SERVICE:DENVER INTL AP ANN HTG 99.6% CONDNS DB:Heating Zone Relative Humidity [%],NGA:SERVICE:DENVER INTL AP ANN CLG .4% CONDNS WB=>MDB:Cooling Zone Temperature [C],NGA:SERVICE:DENVER INTL AP ANN CLG .4% CONDNS WB=>MDB:Cooling Zone Relative Humidity [%],NGA:TRANSPLANT:DENVER INTL AP ANN HTG 99.6% CONDNS DB:Des Heat Load [W],NGA:TRANSPLANT:DENVER INTL AP ANN CLG .4% CONDNS WB=>MDB:Des Sens Cool Load [W],NGA:TRANSPLANT:DENVER INTL AP ANN HTG 99.6% CONDNS DB:Des Heat Mass Flow [kg/s],NGA:TRANSPLANT:DENVER INTL AP ANN CLG .4% CONDNS WB=>MDB:Des Cool Mass Flow [kg/s],NGA:TRANSPLANT::Des Latent Heat Load [W],NGA:TRANSPLANT::Des Latent Cool Load [W],NGA:TRANSPLANT::Des Latent Heat Mass Flow [kg/s],NGA:TRANSPLANT::Des Latent Cool Mass Flow [kg/s],NGA:TRANSPLANT::Des Heat Load No DOAS [W],NGA:TRANSPLANT::Des Sens Cool Load No DOAS [W],NGA:TRANSPLANT::Des Latent Heat Load No DOAS [W],NGA:TRANSPLANT::Des Latent Cool Load No DOAS [W],NGA:TRANSPLANT:DENVER INTL AP ANN HTG 99.6% CONDNS DB:Heating Zone Temperature [C],NGA:TRANSPLANT:DENVER INTL AP ANN HTG 99.6% CONDNS DB:Heating Zone Relative Humidity [%],NGA:TRANSPLANT:DENVER INTL AP ANN CLG .4% CONDNS WB=>MDB:Cooling Zone Temperature [C],NGA:TRANSPLANT:DENVER INTL AP ANN CLG .4% CONDNS WB=>MDB:Cooling Zone Relative Humidity [%],NGA:CAS:DENVER INTL AP ANN HTG 99.6% CONDNS DB:Des Heat Load [W],NGA:CAS:DENVER INTL AP ANN CLG .4% CONDNS WB=>MDB:Des Sens Cool Load [W],NGA:CAS:DENVER INTL AP ANN HTG 99.6% CONDNS DB:Des Heat Mass Flow [kg/s],NGA:CAS:DENVER INTL AP ANN CLG .4% CONDNS WB=>MDB:Des Cool Mass Flow [kg/s],NGA:CAS::Des Latent Heat Load [W],NGA:CAS::Des Latent Cool Load [W],NGA:CAS::Des Latent Heat Mass Flow [kg/s],NGA:CAS::Des Latent Cool Mass Flow [kg/s],NGA:CAS::Des Heat Load No DOAS [W],NGA:CAS::Des Sens Cool Load No DOAS [W],NGA:CAS::Des Latent Heat Load No DOAS [W],NGA:CAS::Des Latent Cool Load No DOAS [W],NGA:CAS:DENVER INTL AP ANN HTG 99.6% CONDNS DB:Heating Zone Temperature [C],NGA:CAS:DENVER INTL AP ANN HTG 99.6% CONDNS DB:Heating Zone Relative Humidity [%],NGA:CAS:DENVER INTL AP ANN CLG .4% CONDNS WB=>MDB:Cooling Zone Temperature [C],NGA:CAS:DENVER INTL AP ANN CLG .4% CONDNS WB=>MDB:Cooling Zone Relative Humidity [%],NGA:CLEANING:DENVER INTL AP ANN HTG 99.6% CONDNS DB:Des Heat Load [W],NGA:CLEANING:DENVER INTL AP ANN CLG .4% CONDNS WB=>MDB:Des Sens Cool Load [W],NGA:CLEANING:DENVER INTL AP ANN HTG 99.6% CONDNS DB:Des Heat Mass Flow [kg/s],NGA:CLEANING:DENVER INTL AP ANN CLG .4% CONDNS WB=>MDB:Des Cool Mass Flow [kg/s],NGA:CLEANING::Des Latent Heat Load [W],NGA:CLEANING::Des Latent Cool Load [W],NGA:CLEANING::Des Latent Heat Mass Flow [kg/s],NGA:CLEANING::Des Latent Cool Mass Flow [kg/s],NGA:CLEANING::Des Heat Load No DOAS [W],NGA:CLEANING::Des Sens Cool Load No DOAS [W],NGA:CLEANING::Des Latent Heat Load No DOAS [W],NGA:CLEANING::Des Latent Cool Load No DOAS [W],NGA:CLEANING:DENVER INTL AP ANN HTG 99.6% CONDNS DB:Heating Zone Temperature [C],NGA:CLEANING:DENVER INTL AP ANN HTG 99.6% CONDNS DB:Heating Zone Relative Humidity [%],NGA:CLEANING:DENVER INTL AP ANN CLG .4% CONDNS WB=>MDB:Cooling Zone Temperature [C],NGA:CLEANING:DENVER INTL AP ANN CLG .4% CONDNS WB=>MDB:Cooling Zone Relative Humidity [%]
01:00:00,0.000000E+00,8.620720E+04,0.000000E+00,1.409768E+01,0.000000E+00,0.000000E+00,0.000000E+00,0.000000E+00,0.000000E+00,0.000000E+00,0.000000E+00,0.000000E+00,2.000032E+01,4.449865E+01,1.999630E+01,4.638316E+01,0.000000E+00,9.100904E+04,0.000000E+00,1.488085E+01,0.000000E+00,0.000000E+00,0.000000E+00,0.000000E+00,0.000000E+00,0.000000E+00,0.000000E+00,0.000000E+00,1.999781E+01,4.652797E+01,1.999726E+01,4.599034E+01,0.000000E+00,4.736826E+04,0.000000E+00,7.745836E+00,0.000000E+00,0.000000E+00,0.000000E+00,0.000000E+00,0.000000E+00,0.000000E+00,0.000000E+00,0.000000E+00,1.997460E+01,5.598893E+01,1.999655E+01,4.676049E+01,9.075717E+02,1.076487E+03,2.780583E-02,1.759745E-01,0.000000E+00,0.000000E+00,0.000000E+00,0.000000E+00,0.000000E+00,0.000000E+00,0.000000E+00,0.000000E+00,1.798972E+01,3.366398E+01,1.999897E+01,4.718253E+01,1.071494E+03,2.925303E+01,3.500710E-02,2.869329E-03,0.000000E+00,0.000000E+00,0.000000E+00,0.000000E+00,0.000000E+00,0.000000E+00,0.000000E+00,0.000000E+00,1.998170E+01,3.206373E+01,2.262518E+01,6.042541E+01,6.959687E+02,4.519710E+01,2.274173E-02,4.433180E-03,0.000000E+00,0.000000E+00,0.000000E+00,0.000000E+00,0.000000E+00,0.000000E+00,0.000000E+00,0.000000E+00,1.998685E+01,3.172651E+01,2.325029E+01,5.768792E+01,6.850590E+02,4.308499E+01,2.238523E-02,4.225995E-03,0.000000E+00,0.000000E+00,0.000000E+00,0.000000E+00,0.000000E+00,0.000000E+00,0.000000E+00,0.000000E+00,1.998681E+01,3.158647E+01,2.328871E+01,5.762295E+01,6.883118E+02,4.275053E+01,2.249152E-02,4.193184E-03,0.000000E+00,0.000000E+00,0.000000E+00,0.000000E+00,0.000000E+00,0.000000E+00,0.000000E+00,0.000000E+00,1.998682E+01,3.162851E+01,2.327899E+01,5.767734E+01,7.483203E+02,3.933133E+01,2.445232E-02,3.857759E-03,0.000000E+00,0.000000E+00,0.000000E+00,0.000000E+00,0.000000E+00,0.000000E+00,0.000000E+00,0.000000E+00,1.998676E+01,3.236024E+01,2.315469E+01,5.836868E+01,1.074880E+03,1.560114E+01,3.511774E-02,1.530148E-03,0.000000E+00,0.000000E+00,0.000000E+00,0.000000E+00,0.000000E+00,0.000000E+00,0.000000E+00,0.000000E+00,1.998172E+01,3.209126E+01,2.259559E+01,6.075458E+01,2.038905E+03,2.018405E+02,6.662409E-02,1.979908E-02,0.000000E+00,0.000000E+00,0.000000E+00,0.000000E+00,0.000000E+00,0.000000E+00,0.000000E+00,0.000000E+00,1.998674E+01,3.356874E+01,2.358578E+01,5.501851E+01,5.385179E+03,7.373068E+02,1.759752E-01,7.232495E-02,0.000000E+00,0.000000E+00,0.000000E+00,0.000000E+00,0.000000E+00,0.000000E+00,0.000000E+00,0.000000E+00,1.998789E+01,3.213135E+01,2.374857E+01,5.406452E+01,6.701528E+02,1.202017E+02,2.189865E-02,1.179095E-02,0.000000E+00,0.000000E+00,0.000000E+00,0.000000E+00,0.000000E+00,0.000000E+00,0.000000E+00,0.000000E+00,1.998767E+01,3.030499E+01,2.374943E+01,5.357395E+01
02:00:00,0.000000E+00,1.043337E+05,0.000000E+00,1.706259E+01,0.000000E+00,0.000000E+00,0.000000E+00,0.000000E+00,0.000000E+00,0.000000E+00,0.000000E+00,0.000000E+00,2.000038E+01,4.497665E+01,1.999638E+01,4.582802E+01,0.000000E+00,1.048907E+05,0.000000E+00,1.715106E+01,0.000000E+00,0.000000E+00,0.000000E+00,0.000000E+00,0.000000E+00,0.000000E+00,0.000000E+00,0.000000E+00,1.999814E+01,4.555170E+01,1.999737E+01,4.567586E+01,0.000000E+00,6.425631E+04,0.000000E+00,1.050780E+01,0.000000E+00,0.000000E+00,0.000000E+00,0.000000E+00,0.000000E+00,0.000000E+00,0.000000E+00,0.000000E+00,1.998980E+01,4.587400E+01,1.999677E+01,4.585846E+01,9.096579E+02,1.035917E+03,2.786972E-02,1.693431E-01,0.000000E+00,0.000000E+00,0.000000E+00,0.000000E+00,0.000000E+00,0.000000E+00,0.000000E+00,0.000000E+00,1.799370E+01,3.368226E+01,1.999912E+01,4.708343E+01,1.071741E+03,7.501606E+00,3.501511E-02,7.357474E-04,0.000000E+00,0.000000E+00,0.000000E+00,0.000000E+00,0.000000E+00,0.000000E+00,0.000000E+00,0.000000E+00,1.998693E+01,3.205968E+01,2.232647E+01,5.992866E+01,6.961760E+02,2.535726E+01,2.274848E-02,2.487155E-03,0.000000E+00,0.000000E+00,0.000000E+00,0.000000E+00,0.000000E+00,0.000000E+00,0.000000E+00,0.000000E+00,1.999088E+01,3.172415E+01,2.303902E+01,5.754616E+01,6.852639E+02,2.482336E+01,2.239190E-02,2.434788E-03,0.000000E+00,0.000000E+00,0.000000E+00,0.000000E+00,0.000000E+00,0.000000E+00,0.000000E+00,0.000000E+00,1.999088E+01,3.158414E+01,2.309419E+01,5.739871E+01,6.885170E+02,2.456084E+01,2.249821E-02,2.409035E-03,0.000000E+00,0.000000E+00,0.000000E+00,0.000000E+00,0.000000E+00,0.000000E+00,0.000000E+00,0.000000E+00,1.999088E+01,3.162617E+01,2.308199E+01,5.745428E+01,7.485342E+02,2.148019E+01,2.445928E-02,2.106830E-03,0.000000E+00,0.000000E+00,0.000000E+00,0.000000E+00,0.000000E+00,0.000000E+00,0.000000E+00,0.000000E+00,1.999077E+01,3.235751E+01,2.293169E+01,5.814493E+01,1.075127E+03,4.004363E+00,3.512575E-02,3.927249E-04,0.000000E+00,0.000000E+00,0.000000E+00,0.000000E+00,0.000000E+00,0.000000E+00,0.000000E+00,0.000000E+00,1.998693E+01,3.208720E+01,2.230184E+01,6.012876E+01,2.041438E+03,1.194999E+02,6.670678E-02,1.172209E-02,0.000000E+00,0.000000E+00,0.000000E+00,0.000000E+00,0.000000E+00,0.000000E+00,0.000000E+00,0.000000E+00,1.999106E+01,3.357155E+01,2.338705E+01,5.542613E+01,5.386708E+03,4.615125E+02,1.760249E-01,4.527178E-02,0.000000E+00,0.000000E+00,0.000000E+00,0.000000E+00,0.000000E+00,0.000000E+00,0.000000E+00,0.000000E+00,1.999230E+01,3.210443E+01,2.363753E+01,5.434168E+01,6.666380E+02,8.163163E+01,2.178389E-02,8.008805E-03,0.000000E+00,0.000000E+00,0.000000E+00,0.000000E+00,0.000000E+00,0.000000E+00,0.000000E+00,0.000000E+00,1.999256E+01,2.994871E+01,2.392794E+01,5.233596E+01
03:00:00,0.000000E+00,1.275584E+05,0.000000E+00,2.086071E+01,0.000000E+00,0.000000E+00,0.000000E+00,0.000000E+00,0.000000E+00,0.000000E+00,0.000000E+00,0.000000E+00,2.000028E+01,4.499554E+01,1.999680E+01,4.571008E+01,0.000000E+00,1.222813E+05,0.000000E+00,1.999475E+01,0.000000E+00,0.000000E+00,0.000000E+00,0.000000E+00,0.000000E+00,0.000000E+00,0.000000E+00,0.000000E+00,1.999852E+01,4.550898E+01,1.999758E+01,4.562704E+01,0.000000E+00,8.359780E+04,0.000000E+00,1.367064E+01,0.000000E+00,0.000000E+00,0.000000E+00,0.000000E+00,0.000000E+00,0.000000E+00,0.000000E+00,0.000000E+00,1.999636E+01,4.568053E+01,1.999719E+01,4.578402E+01,9.107594E+02,9.968149E+02,2.790379E-02,1.629507E-01,0.000000E+00,0.000000E+00,0.000000E+00,0.000000E+00,0.000000E+00,0.000000E+00,0.000000E+00,0.000000E+00,1.799454E+01,3.368513E+01,1.999924E+01,4.693965E+01,1.071869E+03,0.000000E+00,3.501990E-02,0.000000E+00,0.000000E+00,0.000000E+00,0.000000E+00,0.000000E+00,0.000000E+00,0.000000E+00,0.000000E+00,0.000000E+00,1.998809E+01,3.205666E+01,2.211458E+01,5.861160E+01,6.962445E+02,1.063759E+01,2.275102E-02,1.043372E-03,0.000000E+00,0.000000E+00,0.000000E+00,0.000000E+00,0.000000E+00,0.000000E+00,0.000000E+00,0.000000E+00,1.999175E+01,3.172084E+01,2.288309E+01,5.654450E+01,6.853316E+02,1.063372E+01,2.239441E-02,1.042996E-03,0.000000E+00,0.000000E+00,0.000000E+00,0.000000E+00,0.000000E+00,0.000000E+00,0.000000E+00,0.000000E+00,1.999175E+01,3.158088E+01,2.295091E+01,5.633919E+01,6.885847E+02,1.049343E+01,2.250071E-02,1.029234E-03,0.000000E+00,0.000000E+00,0.000000E+00,0.000000E+00,0.000000E+00,0.000000E+00,0.000000E+00,0.000000E+00,1.999175E+01,3.162290E+01,2.293697E+01,5.639484E+01,7.486093E+02,8.675274E+00,2.446205E-02,8.508811E-04,0.000000E+00,0.000000E+00,0.000000E+00,0.000000E+00,0.000000E+00,0.000000E+00,0.000000E+00,0.000000E+00,1.999164E+01,3.235434E+01,2.276816E+01,5.707558E+01,1.075255E+03,0.000000E+00,3.513054E-02,0.000000E+00,0.000000E+00,0.000000E+00,0.000000E+00,0.000000E+00,0.000000E+00,0.000000E+00,0.000000E+00,0.000000E+00,1.998809E+01,3.208417E+01,2.209281E+01,5.874154E+01,2.042983E+03,5.402384E+01,6.675819E-02,5.299381E-03,0.000000E+00,0.000000E+00,0.000000E+00,0.000000E+00,0.000000E+00,0.000000E+00,0.000000E+00,0.000000E+00,1.999200E+01,3.357008E+01,2.323733E+01,5.492299E+01,5.370178E+03,2.191306E+02,1.754872E-01,2.149564E-02,0.000000E+00,0.000000E+00,0.000000E+00,0.000000E+00,0.000000E+00,0.000000E+00,0.000000E+00,0.000000E+00,1.999327E+01,3.201305E+01,2.357908E+01,5.376870E+01,6.290836E+02,6.503689E+01,2.055708E-02,6.381156E-03,0.000000E+00,0.000000E+00,0.000000E+00,0.000000E+00,0.000000E+00,0.000000E+00,0.000000E+00,0.000000E+00,1.999483E+01,2.838646E+01,2.399636E+01,4.837465E+01
04:00:00,0.000000E+00,1.529269E+05,0.000000E+00,2.500926E+01,0.000000E+00,0.000000E+00,0.000000E+00,0.000000E+00,0.000000E+00,0.000000E+00,0.000000E+00,0.000000E+00,2.000028E+01,4.499936E+01,1.999682E+01,4.566916E+01,0.000000E+00,1.421552E+05,0.000000E+00,2.324446E+01,0.000000E+00,0.000000E+00,0.000000E+00,0.000000E+00,0.000000E+00,0.000000E+00,0.000000E+00,0.000000E+00,1.999847E+01,4.549000E+01,1.999749E+01,4.560283E+01,0.000000E+00,1.041641E+05,0.000000E+00,1.703373E+01,0.000000E+00,0.000000E+00,0.000000E+00,0.000000E+00,0.000000E+00,0.000000E+00,0.000000E+00,0.000000E+00,1.999754E+01,4.565360E+01,1.999715E+01,4.575747E+01,9.106779E+02,9.598276E+02,2.790154E-02,1.569037E-01,0.000000E+00,0.000000E+00,0.000000E+00,0.000000E+00,0.000000E+00,0.000000E+00,0.000000E+00,0.000000E+00,1.799333E+01,3.367486E+01,1.999914E+01,4.682947E+01,1.071704E+03,0.000000E+00,3.501496E-02,0.000000E+00,0.000000E+00,0.000000E+00,0.000000E+00,0.000000E+00,0.000000E+00,0.000000E+00,0.000000E+00,0.000000E+00,1.998629E+01,3.205334E+01,2.196517E+01,5.774593E+01,6.960694E+02,0.000000E+00,2.274553E-02,0.000000E+00,0.000000E+00,0.000000E+00,0.000000E+00,0.000000E+00,0.000000E+00,0.000000E+00,0.000000E+00,0.000000E+00,1.999038E+01,3.171590E+01,2.277171E+01,5.580755E+01,6.851584E+02,0.000000E+00,2.238897E-02,0.000000E+00,0.000000E+00,0.000000E+00,0.000000E+00,0.000000E+00,0.000000E+00,0.000000E+00,0.000000E+00,0.000000E+00,1.999038E+01,3.157591E+01,2.284797E+01,5.556811E+01,6.884112E+02,0.000000E+00,2.249527E-02,0.000000E+00,0.000000E+00,0.000000E+00,0.000000E+00,0.000000E+00,0.000000E+00,0.000000E+00,0.000000E+00,0.000000E+00,1.999038E+01,3.161796E+01,2.283288E+01,5.562453E+01,7.484361E+02,0.000000E+00,2.445664E-02,0.000000E+00,0.000000E+00,0.000000E+00,0.000000E+00,0.000000E+00,0.000000E+00,0.000000E+00,0.000000E+00,0.000000E+00,1.999028E+01,3.234989E+01,2.265162E+01,5.630933E+01,1.075090E+03,0.000000E+00,3.512560E-02,0.000000E+00,0.000000E+00,0.000000E+00,0.000000E+00,0.000000E+00,0.000000E+00,0.000000E+00,0.000000E+00,0.000000E+00,1.998630E+01,3.208087E+01,2.194489E+01,5.784595E+01,2.043125E+03,0.000000E+00,6.676355E-02,0.000000E+00,0.000000E+00,0.000000E+00,0.000000E+00,0.000000E+00,0.000000E+00,0.000000E+00,0.000000E+00,0.000000E+00,1.999058E+01,3.356392E+01,2.313008E+01,5.444985E+01,5.343392E+03,5.504494E+00,1.746139E-01,5.398486E-04,0.000000E+00,0.000000E+00,0.000000E+00,0.000000E+00,0.000000E+00,0.000000E+00,0.000000E+00,0.000000E+00,1.999194E+01,3.194110E+01,2.353573E+01,5.323856E+01,5.811089E+02,6.294816E+01,1.898972E-02,6.176079E-03,0.000000E+00,0.000000E+00,0.000000E+00,0.000000E+00,0.000000E+00,0.000000E+00,0.000000E+00,0.000000E+00,1.999429E+01,2.705678E+01,2.399779E+01,4.547735E+01
05:00:00,0.000000E+00,1.804147E+05,0.000000E+00,2.950449E+01,0.000000E+00,0.000000E+00,0.000000E+00,0.000000E+00,0.000000E+00,0.000000E+00,0.000000E+00,0.000000E+00,2.000030E+01,4.500151E+01,1.999667E+01,4.564506E+01,0.000000E+00,1.643106E+05,0.000000E+00,2.686735E+01,0.000000E+00,0.000000E+00,0.000000E+00,0.000000E+00,0.000000E+00,0.000000E+00,0.000000E+00,0.000000E+00,1.999833E+01,4.547530E+01,1.999730E+01,4.558548E+01,0.000000E+00,1.257799E+05,0.000000E+00,2.056859E+01,0.000000E+00,0.000000E+00,0.000000E+00,0.000000E+00,0.000000E+00,0.000000E+00,0.000000E+00,0.000000E+00,1.999770E+01,4.563858E+01,1.999691E+01,4.574122E+01,9.097359E+02,9.270946E+02,2.787288E-02,1.515524E-01,0.000000E+00,0.000000E+00,0.000000E+00,0.000000E+00,0.000000E+00,0.000000E+00,0.000000E+00,0.000000E+00,1.799207E+01,3.365523E+01,1.999903E+01,4.673155E+01,1.071439E+03,0.000000E+00,3.500661E-02,0.000000E+00,0.000000E+00,0.000000E+00,0.000000E+00,0.000000E+00,0.000000E+00,0.000000E+00,0.000000E+00,0.000000E+00,1.998455E+01,3.204944E+01,2.184398E+01,5.694583E+01,6.957987E+02,0.000000E+00,2.273684E-02,0.000000E+00,0.000000E+00,0.000000E+00,0.000000E+00,0.000000E+00,0.000000E+00,0.000000E+00,0.000000E+00,0.000000E+00,1.998905E+01,3.170974E+01,2.268017E+01,5.507504E+01,6.848899E+02,0.000000E+00,2.238036E-02,0.000000E+00,0.000000E+00,0.000000E+00,0.000000E+00,0.000000E+00,0.000000E+00,0.000000E+00,0.000000E+00,0.000000E+00,1.998904E+01,3.156968E+01,2.276308E+01,5.481138E+01,6.881424E+02,0.000000E+00,2.248665E-02,0.000000E+00,0.000000E+00,0.000000E+00,0.000000E+00,0.000000E+00,0.000000E+00,0.000000E+00,0.000000E+00,0.000000E+00,1.998904E+01,3.161176E+01,2.274710E+01,5.486861E+01,7.481648E+02,0.000000E+00,2.444794E-02,0.000000E+00,0.000000E+00,0.000000E+00,0.000000E+00,0.000000E+00,0.000000E+00,0.000000E+00,0.000000E+00,0.000000E+00,1.998895E+01,3.234434E+01,2.255608E+01,5.555934E+01,1.074825E+03,0.000000E+00,3.511725E-02,0.000000E+00,0.000000E+00,0.000000E+00,0.000000E+00,0.000000E+00,0.000000E+00,0.000000E+00,0.000000E+00,0.000000E+00,1.998456E+01,3.207699E+01,2.182465E+01,5.702979E+01,2.042280E+03,0.000000E+00,6.673647E-02,0.000000E+00,0.000000E+00,0.000000E+00,0.000000E+00,0.000000E+00,0.000000E+00,0.000000E+00,0.000000E+00,0.000000E+00,1.998917E+01,3.355392E+01,2.303986E+01,5.390497E+01,5.310756E+03,0.000000E+00,1.735490E-01,0.000000E+00,0.000000E+00,0.000000E+00,0.000000E+00,0.000000E+00,0.000000E+00,0.000000E+00,0.000000E+00,0.000000E+00,1.999057E+01,3.188216E+01,2.349516E+01,5.265970E+01,5.271123E+02,9.382546E+01,1.722560E-02,9.204892E-03,0.000000E+00,0.000000E+00,0.000000E+00,0.000000E+00,0.000000E+00,0.000000E+00,0.000000E+00,0.000000E+00,1.999332E+01,2.598035E+01,2.399757E+01,4.323780E+01
06:00:00,0.000000E+00,2.098217E+05,0.000000E+00,3.431374E+01,0.000000E+00,0.000000E+00,0.000000E+00,0.000000E+00,0.000000E+00,0.000000E+00,0.000000E+00,0.000000E+00,2.000032E+01,4.500321E+01,1.999650E+01,4.563084E+01,0.000000E+00,1.885148E+05,0.000000E+00,3.082540E+01,0.000000E+00,0.000000E+00,0.000000E+00,0.000000E+00,0.000000E+00,0.000000E+00,0.000000E+00,0.000000E+00,1.999820E+01,4.546392E+01,1.999711E+01,4.557043E+01,0.000000E+00,1.482909E+05,0.000000E+00,2.424999E+01,0.000000E+00,0.000000E+00,0.000000E+00,0.000000E+00,0.000000E+00,0.000000E+00,0.000000E+00,0.000000E+00,1.999763E+01,4.562833E+01,1.999667E+01,4.572875E+01,9.079939E+02,9.014417E+02,2.781966E-02,1.473587E-01,0.000000E+00,0.000000E+00,0.000000E+00,0.000000E+00,0.000000E+00,0.000000E+00,0.000000E+00,0.000000E+00,1.799075E+01,3.363335E+01,1.999897E+01,4.667734E+01,1.071036E+03,0.000000E+00,3.499370E-02,0.000000E+00,0.000000E+00,0.000000E+00,0.000000E+00,0.000000E+00,0.000000E+00,0.000000E+00,0.000000E+00,0.000000E+00,1.998297E+01,3.204708E+01,2.178146E+01,5.580824E+01,6.954128E+02,0.000000E+00,2.272435E-02,0.000000E+00,0.000000E+00,0.000000E+00,0.000000E+00,0.000000E+00,0.000000E+00,0.000000E+00,0.000000E+00,0.000000E+00,1.998781E+01,3.170506E+01,2.261184E+01,5.399870E+01,6.845060E+02,0.000000E+00,2.236793E-02,0.000000E+00,0.000000E+00,0.000000E+00,0.000000E+00,0.000000E+00,0.000000E+00,0.000000E+00,0.000000E+00,0.000000E+00,1.998778E+01,3.156488E+01,2.270072E+01,5.371578E+01,6.877583E+02,0.000000E+00,2.247421E-02,0.000000E+00,0.000000E+00,0.000000E+00,0.000000E+00,0.000000E+00,0.000000E+00,0.000000E+00,0.000000E+00,0.000000E+00,1.998779E+01,3.160700E+01,2.268501E+01,5.376959E+01,7.477764E+02,0.000000E+00,2.443538E-02,0.000000E+00,0.000000E+00,0.000000E+00,0.000000E+00,0.000000E+00,0.000000E+00,0.000000E+00,0.000000E+00,0.000000E+00,1.998772E+01,3.234022E+01,2.250346E+01,5.439793E+01,1.074423E+03,0.000000E+00,3.510434E-02,0.000000E+00,0.000000E+00,0.000000E+00,0.000000E+00,0.000000E+00,0.000000E+00,0.000000E+00,0.000000E+00,0.000000E+00,1.998298E+01,3.207466E+01,2.187023E+01,5.551427E+01,2.040481E+03,0.000000E+00,6.667805E-02,0.000000E+00,0.000000E+00,0.000000E+00,0.000000E+00,0.000000E+00,0.000000E+00,0.000000E+00,0.000000E+00,0.000000E+00,1.998783E+01,3.354429E+01,2.297628E+01,5.298548E+01,5.273474E+03,0.000000E+00,1.723320E-01,0.000000E+00,0.000000E+00,0.000000E+00,0.000000E+00,0.000000E+00,0.000000E+00,0.000000E+00,0.000000E+00,0.000000E+00,1.998919E+01,3.183894E+01,2.346942E+01,5.174716E+01,4.686570E+02,1.300204E+02,1.531582E-02,1.275515E-02,0.000000E+00,0.000000E+00,0.000000E+00,0.000000E+00,0.000000E+00,0.000000E+00,0.000000E+00,0.000000E+00,1.999228E+01,2.517793E+01,2.399795E+01,4.123756E+01
07:00:00,0.000000E+00,2.235133E+05,0.000000E+00,3.655244E+01,0.000000E+00,0.000000E+00,0.000000E+00,0.000000E+00,0.000000E+00,0.000000E+00,0.000000E+00,0.000000E+00,2.000034E+01,4.500494E+01,1.999676E+01,4.565404E+01,0.000000E+00,1.970483E+05,0.000000E+00,3.222069E+01,0.000000E+00,0.000000E+00,0.000000E+00,0.000000E+00,0.000000E+00,0.000000E+00,0.000000E+00,0.000000E+00,1.999806E+01,4.545202E+01,1.999737E+01,4.556497E+01,0.000000E+00,1.540712E+05,0.000000E+00,2.519491E+01,0.000000E+00,0.000000E+00,0.000000E+00,0.000000E+00,0.000000E+00,0.000000E+00,0.000000E+00,0.000000E+00,1.999750E+01,4.561836E+01,1.999707E+01,4.572823E+01,9.056738E+02,8.893201E+02,2.774859E-02,1.453762E-01,0.000000E+00,0.000000E+00,0.000000E+00,0.000000E+00,0.000000E+00,0.000000E+00,0.000000E+00,0.000000E+00,1.798977E+01,3.359996E+01,1.999920E+01,4.693487E+01,1.070587E+03,0.000000E+00,3.497905E-02,0.000000E+00,0.000000E+00,0.000000E+00,0.000000E+00,0.000000E+00,0.000000E+00,0.000000E+00,0.000000E+00,0.000000E+00,1.998179E+01,3.204487E+01,2.262604E+01,5.546278E+01,6.949799E+02,0.000000E+00,2.271021E-02,0.000000E+00,0.000000E+00,0.000000E+00,0.000000E+00,0.000000E+00,0.000000E+00,0.000000E+00,0.000000E+00,0.000000E+00,1.998689E+01,3.170006E+01,2.326604E+01,5.408637E+01,6.840745E+02,0.000000E+00,2.235384E-02,0.000000E+00,0.000000E+00,0.000000E+00,0.000000E+00,0.000000E+00,0.000000E+00,0.000000E+00,0.000000E+00,0.000000E+00,1.998686E+01,3.155968E+01,2.334968E+01,5.384029E+01,6.873265E+02,0.000000E+00,2.246011E-02,0.000000E+00,0.000000E+00,0.000000E+00,0.000000E+00,0.000000E+00,0.000000E+00,0.000000E+00,0.000000E+00,0.000000E+00,1.998687E+01,3.160185E+01,2.334023E+01,5.386897E+01,7.473405E+02,0.000000E+00,2.442114E-02,0.000000E+00,0.000000E+00,0.000000E+00,0.000000E+00,0.000000E+00,0.000000E+00,0.000000E+00,0.000000E+00,0.000000E+00,1.998681E+01,3.233585E+01,2.325613E+01,5.412374E+01,1.073974E+03,0.000000E+00,3.508969E-02,0.000000E+00,0.000000E+00,0.000000E+00,0.000000E+00,0.000000E+00,0.000000E+00,0.000000E+00,0.000000E+00,0.000000E+00,1.998180E+01,3.207247E+01,2.317903E+01,5.371095E+01,2.038018E+03,6.172799E+00,6.659762E-02,6.082273E-04,0.000000E+00,0.000000E+00,0.000000E+00,0.000000E+00,0.000000E+00,0.000000E+00,0.000000E+00,0.000000E+00,1.998682E+01,3.353168E+01,2.367056E+01,5.281173E+01,5.232628E+03,1.191048E+02,1.709975E-01,1.169985E-02,0.000000E+00,0.000000E+00,0.000000E+00,0.000000E+00,0.000000E+00,0.000000E+00,0.000000E+00,0.000000E+00,1.998814E+01,3.179398E+01,2.388585E+01,5.139719E+01,4.066727E+02,1.969013E+02,1.329067E-02,1.931546E-02,0.000000E+00,0.000000E+00,0.000000E+00,0.000000E+00,0.000000E+00,0.000000E+00,0.000000E+00,0.000000E+00,1.999131E+01,2.431369E+01,2.399770E+01,4.181537E+01
08:00:00,0.000000E+00,2.318885E+05,0.000000E+00,3.792174E+01,0.000000E+00,0.000000E+00,0.000000E+00,0.000000E+00,0.000000E+00,0.000000E+00,0.000000E+00,0.000000E+00,2.000035E+01,4.500645E+01,1.999676E+01,4.567221E+01,0.000000E+00,2.040331E+05,0.000000E+00,3.336279E+01,0.000000E+00,0.000000E+00,0.000000E+00,0.000000E+00,0.000000E+00,0.000000E+00,0.000000E+00,0.000000E+00,1.999799E+01,4.544171E+01,1.999741E+01,4.556353E+01,0.000000E+00,1.583552E+05,0.000000E+00,2.589523E+01,0.000000E+00,0.000000E+00,0.000000E+00,0.000000E+00,0.000000E+00,0.000000E+00,0.000000E+00,0.000000E+00,1.999743E+01,4.560992E+01,1.999713E+01,4.573022E+01,9.030280E+02,8.982154E+02,2.766695E-02,1.468308E-01,0.000000E+00,0.000000E+00,0.000000E+00,0.000000E+00,0.000000E+00,0.000000E+00,0.000000E+00,0.000000E+00,1.798971E+01,3.356804E+01,1.999900E+01,4.713328E+01,1.069999E+03,0.000000E+00,3.495879E-02,0.000000E+00,0.000000E+00,0.000000E+00,0.000000E+00,0.000000E+00,0.000000E+00,0.000000E+00,0.000000E+00,0.000000E+00,1.998170E+01,3.204384E+01,2.323086E+01,5.725036E+01,6.944733E+02,0.000000E+00,2.269315E-02,0.000000E+00,0.000000E+00,0.000000E+00,0.000000E+00,0.000000E+00,0.000000E+00,0.000000E+00,0.000000E+00,0.000000E+00,1.998684E+01,3.169732E+01,2.371310E+01,5.644112E+01,6.835687E+02,0.000000E+00,2.233681E-02,0.000000E+00,0.000000E+00,0.000000E+00,0.000000E+00,0.000000E+00,0.000000E+00,0.000000E+00,0.000000E+00,0.000000E+00,1.998681E+01,3.155677E+01,2.378501E+01,5.624724E+01,6.868205E+02,0.000000E+00,2.244307E-02,0.000000E+00,0.000000E+00,0.000000E+00,0.000000E+00,0.000000E+00,0.000000E+00,0.000000E+00,0.000000E+00,0.000000E+00,1.998682E+01,3.159897E+01,2.378354E+01,5.624702E+01,7.468262E+02,5.817691E-01,2.440379E-02,5.759224E-05,0.000000E+00,0.000000E+00,0.000000E+00,0.000000E+00,0.000000E+00,0.000000E+00,0.000000E+00,0.000000E+00,1.998675E+01,3.233346E+01,2.377885E+01,5.616564E+01,1.073385E+03,1.327218E+01,3.506944E-02,1.318610E-03,0.000000E+00,0.000000E+00,0.000000E+00,0.000000E+00,0.000000E+00,0.000000E+00,0.000000E+00,0.000000E+00,1.998171E+01,3.207146E+01,2.383059E+01,5.405307E+01,2.034986E+03,3.363443E+01,6.649695E-02,3.313476E-03,0.000000E+00,0.000000E+00,0.000000E+00,0.000000E+00,0.000000E+00,0.000000E+00,0.000000E+00,0.000000E+00,1.998675E+01,3.352154E+01,2.395602E+01,5.433999E+01,5.201672E+03,3.315178E+02,1.699819E-01,3.254363E-02,0.000000E+00,0.000000E+00,0.000000E+00,0.000000E+00,0.000000E+00,0.000000E+00,0.000000E+00,0.000000E+00,1.998807E+01,3.176239E+01,2.399382E+01,5.184170E+01,3.608015E+02,2.685519E+02,1.179147E-02,2.634358E-02,0.000000E+00,0.000000E+00,0.000000E+00,0.000000E+00,0.000000E+00,0.000000E+00,0.000000E+00,0.000000E+00,1.999106E+01,2.365951E+01,2.399611E+01,4.286879E+01
09:00:00,0.000000E+00,2.375604E+05,0.000000E+00,3.884957E+01,0.000000E+00,0.000000E+00,0.000000E+00,0.000000E+00,0.000000E+00,0.000000E+00,0.000000E+00,0.000000E+00,2.000036E+01,4.500728E+01,1.999655E+01,4.566912E+01,0.000000E+00,2.098462E+05,0.000000E+00,3.431358E+01,0.000000E+00,0.000000E+00,0.000000E+00,0.000000E+00,0.000000E+00,0.000000E+00,0.000000E+00,0.000000E+00,1.999795E+01,4.543595E+01,1.999729E+01,4.555607E+01,0.000000E+00,1.612422E+05,0.000000E+00,2.636748E+01,0.000000E+00,0.000000E+00,0.000000E+00,0.000000E+00,0.000000E+00,0.000000E+00,0.000000E+00,0.000000E+00,1.999740E+01,4.560503E+01,1.999697E+01,4.572546E+01,9.005508E+02,9.273262E+02,2.759036E-02,1.515919E-01,0.000000E+00,0.000000E+00,0.000000E+00,0.000000E+00,0.000000E+00,0.000000E+00,0.000000E+00,0.000000E+00,1.798971E+01,3.354795E+01,1.999874E+01,4.718097E+01,1.069460E+03,6.533292E+00,3.493994E-02,6.413582E-04,0.000000E+00,0.000000E+00,0.000000E+00,0.000000E+00,0.000000E+00,0.000000E+00,0.000000E+00,0.000000E+00,1.998169E+01,3.204379E+01,2.380873E+01,5.987414E+01,6.940315E+02,1.188719E+01,2.267809E-02,1.170938E-03,0.000000E+00,0.000000E+00,0.000000E+00,0.000000E+00,0.000000E+00,0.000000E+00,0.000000E+00,0.000000E+00,1.998684E+01,3.169673E+01,2.394986E+01,5.969604E+01,6.831252E+02,1.322718E+01,2.232170E-02,1.300631E-03,0.000000E+00,0.000000E+00,0.000000E+00,0.000000E+00,0.000000E+00,0.000000E+00,0.000000E+00,0.000000E+00,1.998681E+01,3.155609E+01,2.397206E+01,5.944669E+01,6.863769E+02,1.369648E+01,2.242796E-02,1.346691E-03,0.000000E+00,0.000000E+00,0.000000E+00,0.000000E+00,0.000000E+00,0.000000E+00,0.000000E+00,0.000000E+00,1.998682E+01,3.159831E+01,2.397287E+01,5.936957E+01,7.463767E+02,1.896780E+01,2.438844E-02,1.863994E-03,0.000000E+00,0.000000E+00,0.000000E+00,0.000000E+00,0.000000E+00,0.000000E+00,0.000000E+00,0.000000E+00,1.998675E+01,3.233298E+01,2.398139E+01,5.842122E+01,1.072847E+03,5.149945E+01,3.505060E-02,5.069768E-03,0.000000E+00,0.000000E+00,0.000000E+00,0.000000E+00,0.000000E+00,0.000000E+00,0.000000E+00,0.000000E+00,1.998171E+01,3.207141E+01,2.399380E+01,5.239106E+01,2.032055E+03,9.223645E+01,6.639924E-02,9.062750E-03,0.000000E+00,0.000000E+00,0.000000E+00,0.000000E+00,0.000000E+00,0.000000E+00,0.000000E+00,0.000000E+00,1.998675E+01,3.351596E+01,2.399591E+01,5.521032E+01,5.183066E+03,6.290632E+02,1.693689E-01,6.173709E-02,0.000000E+00,0.000000E+00,0.000000E+00,0.000000E+00,0.000000E+00,0.000000E+00,0.000000E+00,0.000000E+00,1.998807E+01,3.174607E+01,2.399517E+01,5.124243E+01,3.429059E+02,3.374505E+02,1.120637E-02,3.310433E-02,0.000000E+00,0.000000E+00,0.000000E+00,0.000000E+00,0.000000E+00,0.000000E+00,0.000000E+00,0.000000E+00,1.999106E+01,2.329240E+01,2.399457E+01,4.306588E+01
10:00:00,0.000000E+00,2.431884E+05,0.000000E+00,3.977037E+01,0.000000E+00,0.000000E+00,0.000000E+00,0.000000E+00,0.000000E+00,0.000000E+00,0.000000E+00,0.000000E+00,2.000038E+01,4.500834E+01,1.999644E+01,4.565610E+01,0.000000E+00,2.152404E+05,0.000000E+00,3.519587E+01,0.000000E+00,0.000000E+00,0.000000E+00,0.000000E+00,0.000000E+00,0.000000E+00,0.000000E+00,0.000000E+00,1.999784E+01,4.542868E+01,1.999723E+01,4.554654E+01,0.000000E+00,1.637940E+05,0.000000E+00,2.678495E+01,0.000000E+00,0.000000E+00,0.000000E+00,0.000000E+00,0.000000E+00,0.000000E+00,0.000000E+00,0.000000E+00,1.999723E+01,4.559948E+01,1.999689E+01,4.571768E+01,8.986635E+02,9.735744E+02,2.753163E-02,1.591544E-01,0.000000E+00,0.000000E+00,0.000000E+00,0.000000E+00,0.000000E+00,0.000000E+00,0.000000E+00,0.000000E+00,1.798700E+01,3.353653E+01,1.999870E+01,4.704295E+01,1.069163E+03,3.434251E+01,3.492888E-02,3.370132E-03,0.000000E+00,0.000000E+00,0.000000E+00,0.000000E+00,0.000000E+00,0.000000E+00,0.000000E+00,0.000000E+00,1.997926E+01,3.204535E+01,2.399411E+01,5.704065E+01,6.937843E+02,3.682605E+01,2.266931E-02,3.617777E-03,0.000000E+00,0.000000E+00,0.000000E+00,0.000000E+00,0.000000E+00,0.000000E+00,0.000000E+00,0.000000E+00,1.998479E+01,3.169749E+01,2.399525E+01,5.712974E+01,6.828741E+02,3.837248E+01,2.231279E-02,3.767708E-03,0.000000E+00,0.000000E+00,0.000000E+00,0.000000E+00,0.000000E+00,0.000000E+00,0.000000E+00,0.000000E+00,1.998473E+01,3.155681E+01,2.399532E+01,5.673326E+01,6.861260E+02,3.958629E+01,2.241906E-02,3.886840E-03,0.000000E+00,0.000000E+00,0.000000E+00,0.000000E+00,0.000000E+00,0.000000E+00,0.000000E+00,0.000000E+00,1.998475E+01,3.159903E+01,2.399522E+01,5.650515E+01,7.461254E+02,5.312062E+01,2.437948E-02,5.215149E-03,0.000000E+00,0.000000E+00,0.000000E+00,0.000000E+00,0.000000E+00,0.000000E+00,0.000000E+00,0.000000E+00,1.998474E+01,3.233397E+01,2.399435E+01,5.423472E+01,1.072550E+03,1.033774E+02,3.503955E-02,1.016077E-02,0.000000E+00,0.000000E+00,0.000000E+00,0.000000E+00,0.000000E+00,0.000000E+00,0.000000E+00,0.000000E+00,1.997928E+01,3.207297E+01,2.399315E+01,4.808968E+01,2.029820E+03,1.730305E+02,6.632394E-02,1.699009E-02,0.000000E+00,0.000000E+00,0.000000E+00,0.000000E+00,0.000000E+00,0.000000E+00,0.000000E+00,0.000000E+00,1.998447E+01,3.351410E+01,2.399480E+01,5.260209E+01,5.170799E+03,9.907869E+02,1.689620E-01,9.722964E-02,0.000000E+00,0.000000E+00,0.000000E+00,0.000000E+00,0.000000E+00,0.000000E+00,0.000000E+00,0.000000E+00,1.998552E+01,3.173775E+01,2.399453E+01,4.918589E+01,3.311198E+02,4.086711E+02,1.082087E-02,4.009391E-02,0.000000E+00,0.000000E+00,0.000000E+00,0.000000E+00,0.000000E+00,0.000000E+00,0.000000E+00,0.000000E+00,1.998912E+01,2.306430E+01,2.399412E+01,4.248288E+01
11:00:00,0.000000E+00,2.485391E+05,0.000000E+00,4.064561E+01,0.000000E+00,0.000000E+00,0.000000E+00,0.000000E+00,0.000000E+00,0.000000E+00,0.000000E+00,0.000000E+00,2.000039E+01,4.500933E+01,1.999649E+01,4.564351E+01,0.000000E+00,2.201815E+05,0.000000E+00,3.600383E+01,0.000000E+00,0.000000E+00,0.000000E+00,0.000000E+00,0.000000E+00,0.000000E+00,0.000000E+00,0.000000E+00,1.999775E+01,4.542184E+01,1.999731E+01,4.553719E+01,0.000000E+00,1.660662E+05,0.000000E+00,2.715644E+01,0.000000E+00,0.000000E+00,0.000000E+00,0.000000E+00,0.000000E+00,0.000000E+00,0.000000E+00,0.000000E+00,1.999710E+01,4.559407E+01,1.999701E+01,4.570969E+01,8.971675E+02,1.034170E+03,2.748503E-02,1.690611E-01,0.000000E+00,0.000000E+00,0.000000E+00,0.000000E+00,0.000000E+00,0.000000E+00,0.000000E+00,0.000000E+00,1.798676E+01,3.351993E+01,1.999882E+01,4.690219E+01,1.068980E+03,7.889659E+01,3.492182E-02,7.742275E-03,0.000000E+00,0.000000E+00,0.000000E+00,0.000000E+00,0.000000E+00,0.000000E+00,0.000000E+00,0.000000E+00,1.997890E+01,3.204401E+01,2.399345E+01,5.106830E+01,6.936292E+02,7.123491E+01,2.266367E-02,6.993975E-03,0.000000E+00,0.000000E+00,0.000000E+00,0.000000E+00,0.000000E+00,0.000000E+00,0.000000E+00,0.000000E+00,1.998456E+01,3.169547E+01,2.399459E+01,5.222838E+01,6.827146E+02,7.207839E+01,2.230702E-02,7.074884E-03,0.000000E+00,0.000000E+00,0.000000E+00,0.000000E+00,0.000000E+00,0.000000E+00,0.000000E+00,0.000000E+00,1.998450E+01,3.155470E+01,2.399474E+01,5.205118E+01,6.859668E+02,7.425280E+01,2.241329E-02,7.288297E-03,0.000000E+00,0.000000E+00,0.000000E+00,0.000000E+00,0.000000E+00,0.000000E+00,0.000000E+00,0.000000E+00,1.998452E+01,3.159694E+01,2.399465E+01,5.175435E+01,7.459688E+02,9.898292E+01,2.437376E-02,9.715506E-03,0.000000E+00,0.000000E+00,0.000000E+00,0.000000E+00,0.000000E+00,0.000000E+00,0.000000E+00,0.000000E+00,1.998451E+01,3.233216E+01,2.399382E+01,4.893456E+01,1.072368E+03,1.643751E+02,3.503250E-02,1.614664E-02,0.000000E+00,0.000000E+00,0.000000E+00,0.000000E+00,0.000000E+00,0.000000E+00,0.000000E+00,0.000000E+00,1.997892E+01,3.207164E+01,2.399329E+01,4.539398E+01,2.028069E+03,2.714851E+02,6.626488E-02,2.665036E-02,0.000000E+00,0.000000E+00,0.000000E+00,0.000000E+00,0.000000E+00,0.000000E+00,0.000000E+00,0.000000E+00,1.998418E+01,3.350842E+01,2.399470E+01,4.957993E+01,5.161513E+03,1.401996E+03,1.686536E-01,1.375769E-01,0.000000E+00,0.000000E+00,0.000000E+00,0.000000E+00,0.000000E+00,0.000000E+00,0.000000E+00,0.000000E+00,1.998525E+01,3.172427E+01,2.399475E+01,4.732069E+01,3.219755E+02,4.841150E+02,1.052178E-02,4.749754E-02,0.000000E+00,0.000000E+00,0.000000E+00,0.000000E+00,0.000000E+00,0.000000E+00,0.000000E+00,0.000000E+00,1.998899E+01,2.280886E+01,2.399449E+01,4.190367E+01
12:00:00,0.000000E+00,2.535491E+05,0.000000E+00,4.146481E+01,0.000000E+00,0.000000E+00,0.000000E+00,0.000000E+00,0.000000E+00,0.000000E+00,0.000000E+00,0.000000E+00,2.000040E+01,4.501018E+01,1.999661E+01,4.563419E+01,0.000000E+00,2.246711E+05,0.000000E+00,3.673766E+01,0.000000E+00,0.000000E+00,0.000000E+00,0.000000E+00,0.000000E+00,0.000000E+00,0.000000E+00,0.000000E+00,1.999769E+01,4.541596E+01,1.999742E+01,4.552990E+01,0.000000E+00,1.680956E+05,0.000000E+00,2.748795E+01,0.000000E+00,0.000000E+00,0.000000E+00,0.000000E+00,0.000000E+00,0.000000E+00,0.000000E+00,0.000000E+00,1.999701E+01,4.558936E+01,1.999715E+01,4.570351E+01,8.960163E+02,1.103457E+03,2.744919E-02,1.803881E-01,0.000000E+00,0.000000E+00,0.000000E+00,0.000000E+00,0.000000E+00,0.000000E+00,0.000000E+00,0.000000E+00,1.798674E+01,3.350690E+01,1.999891E+01,4.681032E+01,1.068887E+03,1.329914E+02,3.491797E-02,1.305045E-02,0.000000E+00,0.000000E+00,0.000000E+00,0.000000E+00,0.000000E+00,0.000000E+00,0.000000E+00,0.000000E+00,1.997885E+01,3.204380E+01,2.399386E+01,4.684933E+01,6.935446E+02,1.116519E+02,2.266050E-02,1.095948E-02,0.000000E+00,0.000000E+00,0.000000E+00,0.000000E+00,0.000000E+00,0.000000E+00,0.000000E+00,0.000000E+00,1.998454E+01,3.169467E+01,2.399510E+01,4.840878E+01,6.826263E+02,1.112657E+02,2.230373E-02,1.091970E-02,0.000000E+00,0.000000E+00,0.000000E+00,0.000000E+00,0.000000E+00,0.000000E+00,0.000000E+00,0.000000E+00,1.998448E+01,3.155383E+01,2.399523E+01,4.852687E+01,6.858787E+02,1.145798E+02,2.241000E-02,1.124496E-02,0.000000E+00,0.000000E+00,0.000000E+00,0.000000E+00,0.000000E+00,0.000000E+00,0.000000E+00,0.000000E+00,1.998450E+01,3.159608E+01,2.399515E+01,4.825318E+01,7.458838E+02,1.515427E+02,2.437055E-02,1.487280E-02,0.000000E+00,0.000000E+00,0.000000E+00,0.000000E+00,0.000000E+00,0.000000E+00,0.000000E+00,0.000000E+00,1.998448E+01,3.233147E+01,2.399435E+01,4.577057E+01,1.072275E+03,2.274861E+02,3.502866E-02,2.233954E-02,0.000000E+00,0.000000E+00,0.000000E+00,0.000000E+00,0.000000E+00,0.000000E+00,0.000000E+00,0.000000E+00,1.997887E+01,3.207144E+01,2.399387E+01,4.443768E+01,2.026734E+03,3.819974E+02,6.621992E-02,3.749326E-02,0.000000E+00,0.000000E+00,0.000000E+00,0.000000E+00,0.000000E+00,0.000000E+00,0.000000E+00,0.000000E+00,1.998414E+01,3.350416E+01,2.399512E+01,4.738905E+01,5.154247E+03,1.844381E+03,1.684125E-01,1.809812E-01,0.000000E+00,0.000000E+00,0.000000E+00,0.000000E+00,0.000000E+00,0.000000E+00,0.000000E+00,0.000000E+00,1.998522E+01,3.171312E+01,2.399514E+01,4.602270E+01,3.144663E+02,5.609311E+02,1.027620E-02,5.503557E-02,0.000000E+00,0.000000E+00,0.000000E+00,0.000000E+00,0.000000E+00,0.000000E+00,0.000000E+00,0.000000E+00,1.998893E+01,2.258969E+01,2.399492E+01,4.154734E+01
13:00:00,0.000000E+00,2.581220E+05,0.000000E+00,4.221273E+01,0.000000E+00,0.000000E+00,0.000000E+00,0.000000E+00,0.000000E+00,0.000000E+00,0.000000E+00,0.000000E+00,2.000041E+01,4.501093E+01,1.999668E+01,4.562670E+01,0.000000E+00,2.287168E+05,0.000000E+00,3.739907E+01,0.000000E+00,0.000000E+00,0.000000E+00,0.000000E+00,0.000000E+00,0.000000E+00,0.000000E+00,0.000000E+00,1.999765E+01,4.541088E+01,1.999748E+01,4.552374E+01,0.000000E+00,1.699016E+05,0.000000E+00,2.778315E+01,0.000000E+00,0.000000E+00,0.000000E+00,0.000000E+00,0.000000E+00,0.000000E+00,0.000000E+00,0.000000E+00,1.999695E+01,4.558523E+01,1.999722E+01,4.569835E+01,8.950379E+02,1.172725E+03,2.741879E-02,1.917127E-01,0.000000E+00,0.000000E+00,0.000000E+00,0.000000E+00,0.000000E+00,0.000000E+00,0.000000E+00,0.000000E+00,1.798673E+01,3.349675E+01,1.999893E+01,4.674748E+01,1.068791E+03,1.945378E+02,3.491428E-02,1.908975E-02,0.000000E+00,0.000000E+00,0.000000E+00,0.000000E+00,0.000000E+00,0.000000E+00,0.000000E+00,0.000000E+00,1.997884E+01,3.204404E+01,2.399398E+01,4.500407E+01,6.934626E+02,1.561109E+02,2.265752E-02,1.532148E-02,0.000000E+00,0.000000E+00,0.000000E+00,0.000000E+00,0.000000E+00,0.000000E+00,0.000000E+00,0.000000E+00,1.998453E+01,3.169465E+01,2.399535E+01,4.644632E+01,6.825416E+02,1.541174E+02,2.230066E-02,1.512395E-02,0.000000E+00,0.000000E+00,0.000000E+00,0.000000E+00,0.000000E+00,0.000000E+00,0.000000E+00,0.000000E+00,1.998447E+01,3.155376E+01,2.399546E+01,4.668966E+01,6.857941E+02,1.586587E+02,2.240694E-02,1.556964E-02,0.000000E+00,0.000000E+00,0.000000E+00,0.000000E+00,0.000000E+00,0.000000E+00,0.000000E+00,0.000000E+00,1.998449E+01,3.159602E+01,2.399538E+01,4.644843E+01,7.458014E+02,2.081591E+02,2.436754E-02,2.042800E-02,0.000000E+00,0.000000E+00,0.000000E+00,0.000000E+00,0.000000E+00,0.000000E+00,0.000000E+00,0.000000E+00,1.998448E+01,3.233148E+01,2.399459E+01,4.438853E+01,1.072179E+03,2.922669E+02,3.502497E-02,2.869618E-02,0.000000E+00,0.000000E+00,0.000000E+00,0.000000E+00,0.000000E+00,0.000000E+00,0.000000E+00,0.000000E+00,1.997886E+01,3.207168E+01,2.399404E+01,4.410758E+01,2.025586E+03,4.982044E+02,6.618141E-02,4.889216E-02,0.000000E+00,0.000000E+00,0.000000E+00,0.000000E+00,0.000000E+00,0.000000E+00,0.000000E+00,0.000000E+00,1.998413E+01,3.350098E+01,2.399523E+01,4.604950E+01,5.148017E+03,2.189246E+03,1.682062E-01,2.148030E-01,0.000000E+00,0.000000E+00,0.000000E+00,0.000000E+00,0.000000E+00,0.000000E+00,0.000000E+00,0.000000E+00,1.998521E+01,3.170419E+01,2.399527E+01,4.526508E+01,3.080952E+02,6.101293E+02,1.006786E-02,5.986439E-02,0.000000E+00,0.000000E+00,0.000000E+00,0.000000E+00,0.000000E+00,0.000000E+00,0.000000E+00,0.000000E+00,1.998887E+01,2.239996E+01,2.399507E+01,4.133491E+01
14:00:00,0.000000E+00,2.621343E+05,0.000000E+00,4.286893E+01,0.000000E+00,0.000000E+00,0.000000E+00,0.000000E+00,0.000000E+00,0.000000E+00,0.000000E+00,0.000000E+00,2.000042E+01,4.501157E+01,1.999672E+01,4.562077E+01,0.000000E+00,2.323347E+05,0.000000E+00,3.799054E+01,0.000000E+00,0.000000E+00,0.000000E+00,0.000000E+00,0.000000E+00,0.000000E+00,0.000000E+00,0.000000E+00,1.999762E+01,4.540648E+01,1.999751E+01,4.551850E+01,0.000000E+00,1.715026E+05,0.000000E+00,2.804486E+01,0.000000E+00,0.000000E+00,0.000000E+00,0.000000E+00,0.000000E+00,0.000000E+00,0.000000E+00,0.000000E+00,1.999691E+01,4.558161E+01,1.999725E+01,4.569392E+01,8.941757E+02,1.231220E+03,2.739194E-02,2.012753E-01,0.000000E+00,0.000000E+00,0.000000E+00,0.000000E+00,0.000000E+00,0.000000E+00,0.000000E+00,0.000000E+00,1.798672E+01,3.348830E+01,1.999894E+01,4.670520E+01,1.068690E+03,2.649552E+02,3.491041E-02,2.599964E-02,0.000000E+00,0.000000E+00,0.000000E+00,0.000000E+00,0.000000E+00,0.000000E+00,0.000000E+00,0.000000E+00,1.997884E+01,3.204400E+01,2.399381E+01,4.401724E+01,6.933783E+02,2.029079E+02,2.265448E-02,1.991286E-02,0.000000E+00,0.000000E+00,0.000000E+00,0.000000E+00,0.000000E+00,0.000000E+00,0.000000E+00,0.000000E+00,1.998453E+01,3.169456E+01,2.399532E+01,4.558672E+01,6.824554E+02,1.988120E+02,2.229756E-02,1.950899E-02,0.000000E+00,0.000000E+00,0.000000E+00,0.000000E+00,0.000000E+00,0.000000E+00,0.000000E+00,0.000000E+00,1.998447E+01,3.155365E+01,2.399547E+01,4.588471E+01,6.857079E+02,2.045605E+02,2.240384E-02,2.007317E-02,0.000000E+00,0.000000E+00,0.000000E+00,0.000000E+00,0.000000E+00,0.000000E+00,0.000000E+00,0.000000E+00,1.998449E+01,3.159590E+01,2.399538E+01,4.566825E+01,7.457166E+02,2.652000E+02,2.436446E-02,2.602429E-02,0.000000E+00,0.000000E+00,0.000000E+00,0.000000E+00,0.000000E+00,0.000000E+00,0.000000E+00,0.000000E+00,1.998448E+01,3.233140E+01,2.399468E+01,4.389799E+01,1.072078E+03,3.443736E+02,3.502110E-02,3.379289E-02,0.000000E+00,0.000000E+00,0.000000E+00,0.000000E+00,0.000000E+00,0.000000E+00,0.000000E+00,0.000000E+00,1.997886E+01,3.207164E+01,2.399406E+01,4.396921E+01,2.024566E+03,6.122839E+02,6.614712E-02,6.007437E-02,0.000000E+00,0.000000E+00,0.000000E+00,0.000000E+00,0.000000E+00,0.000000E+00,0.000000E+00,0.000000E+00,1.998413E+01,3.349813E+01,2.399500E+01,4.502302E+01,5.142541E+03,2.453873E+03,1.680246E-01,2.407631E-01,0.000000E+00,0.000000E+00,0.000000E+00,0.000000E+00,0.000000E+00,0.000000E+00,0.000000E+00,0.000000E+00,1.998521E+01,3.169667E+01,2.399530E+01,4.486088E+01,3.026154E+02,6.485220E+02,9.888668E-03,6.363208E-02,0.000000E+00,0.000000E+00,0.000000E+00,0.000000E+00,0.000000E+00,0.000000E+00,0.000000E+00,0.000000E+00,1.998881E+01,2.223606E+01,2.399511E+01,4.120798E+01
15:00:00,0.000000E+00,2.655288E+05,0.000000E+00,4.342383E+01,0.000000E+00,0.000000E+00,0.000000E+00,0.000000E+00,0.000000E+00,0.000000E+00,0.000000E+00,0.000000E+00,2.000042E+01,4.501212E+01,1.999674E+01,4.561662E+01,0.000000E+00,2.355427E+05,0.000000E+00,3.851485E+01,0.000000E+00,0.000000E+00,0.000000E+00,0.000000E+00,0.000000E+00,0.000000E+00,0.000000E+00,0.000000E+00,1.999760E+01,4.540268E+01,1.999753E+01,4.551417E+01,0.000000E+00,1.729108E+05,0.000000E+00,2.827490E+01,0.000000E+00,0.000000E+00,0.000000E+00,0.000000E+00,0.000000E+00,0.000000E+00,0.000000E+00,0.000000E+00,1.999688E+01,4.557843E+01,1.999727E+01,4.569031E+01,8.935795E+02,1.275545E+03,2.737325E-02,2.085203E-01,0.000000E+00,0.000000E+00,0.000000E+00,0.000000E+00,0.000000E+00,0.000000E+00,0.000000E+00,0.000000E+00,1.798671E+01,3.348084E+01,1.999895E+01,4.668346E+01,1.068695E+03,3.340372E+02,3.491003E-02,3.277828E-02,0.000000E+00,0.000000E+00,0.000000E+00,0.000000E+00,0.000000E+00,0.000000E+00,0.000000E+00,0.000000E+00,1.997884E+01,3.204372E+01,2.399375E+01,4.334350E+01,6.933746E+02,2.379573E+02,2.265407E-02,2.334700E-02,0.000000E+00,0.000000E+00,0.000000E+00,0.000000E+00,0.000000E+00,0.000000E+00,0.000000E+00,0.000000E+00,1.998453E+01,3.169420E+01,2.399535E+01,4.524027E+01,6.824501E+02,2.298244E+02,2.229709E-02,2.254872E-02,0.000000E+00,0.000000E+00,0.000000E+00,0.000000E+00,0.000000E+00,0.000000E+00,0.000000E+00,0.000000E+00,1.998447E+01,3.155328E+01,2.399556E+01,4.560427E+01,6.857026E+02,2.361786E+02,2.240337E-02,2.317235E-02,0.000000E+00,0.000000E+00,0.000000E+00,0.000000E+00,0.000000E+00,0.000000E+00,0.000000E+00,0.000000E+00,1.998449E+01,3.159554E+01,2.399548E+01,4.540997E+01,7.457128E+02,3.019397E+02,2.436403E-02,2.962670E-02,0.000000E+00,0.000000E+00,0.000000E+00,0.000000E+00,0.000000E+00,0.000000E+00,0.000000E+00,0.000000E+00,1.998448E+01,3.233107E+01,2.399484E+01,4.387571E+01,1.072083E+03,3.683437E+02,3.502072E-02,3.614481E-02,0.000000E+00,0.000000E+00,0.000000E+00,0.000000E+00,0.000000E+00,0.000000E+00,0.000000E+00,0.000000E+00,1.997886E+01,3.207136E+01,2.399415E+01,4.405905E+01,2.023870E+03,7.098250E+02,6.612343E-02,6.964555E-02,0.000000E+00,0.000000E+00,0.000000E+00,0.000000E+00,0.000000E+00,0.000000E+00,0.000000E+00,0.000000E+00,1.998413E+01,3.349539E+01,2.399479E+01,4.410187E+01,5.138438E+03,2.633422E+03,1.678879E-01,2.583786E-01,0.000000E+00,0.000000E+00,0.000000E+00,0.000000E+00,0.000000E+00,0.000000E+00,0.000000E+00,0.000000E+00,1.998521E+01,3.169002E+01,2.399535E+01,4.467653E+01,2.979407E+02,6.748516E+02,9.735781E-03,6.621488E-02,0.000000E+00,0.000000E+00,0.000000E+00,0.000000E+00,0.000000E+00,0.000000E+00,0.000000E+00,0.000000E+00,1.998874E+01,2.209406E+01,2.399515E+01,4.116035E+01
16:00:00,0.000000E+00,2.682821E+05,0.000000E+00,4.387384E+01,0.000000E+00,0.000000E+00,0.000000E+00,0.000000E+00,0.000000E+00,0.000000E+00,0.000000E+00,0.000000E+00,2.000042E+01,4.501260E+01,1.999666E+01,4.561480E+01,0.000000E+00,2.383578E+05,0.000000E+00,3.897491E+01,0.000000E+00,0.000000E+00,0.000000E+00,0.000000E+00,0.000000E+00,0.000000E+00,0.000000E+00,0.000000E+00,1.999759E+01,4.539938E+01,1.999747E+01,4.551118E+01,0.000000E+00,1.741319E+05,0.000000E+00,2.847435E+01,0.000000E+00,0.000000E+00,0.000000E+00,0.000000E+00,0.000000E+00,0.000000E+00,0.000000E+00,0.000000E+00,1.999686E+01,4.557563E+01,1.999717E+01,4.568808E+01,8.929820E+02,1.304875E+03,2.735491E-02,2.133142E-01,0.000000E+00,0.000000E+00,0.000000E+00,0.000000E+00,0.000000E+00,0.000000E+00,0.000000E+00,0.000000E+00,1.798671E+01,3.347406E+01,1.999886E+01,4.668466E+01,1.068676E+03,3.809212E+02,3.490931E-02,3.737932E-02,0.000000E+00,0.000000E+00,0.000000E+00,0.000000E+00,0.000000E+00,0.000000E+00,0.000000E+00,0.000000E+00,1.997884E+01,3.204341E+01,2.399335E+01,4.312744E+01,6.933505E+02,2.574016E+02,2.265325E-02,2.525481E-02,0.000000E+00,0.000000E+00,0.000000E+00,0.000000E+00,0.000000E+00,0.000000E+00,0.000000E+00,0.000000E+00,1.998453E+01,3.169375E+01,2.399511E+01,4.527653E+01,6.824248E+02,2.458194E+02,2.229624E-02,2.411800E-02,0.000000E+00,0.000000E+00,0.000000E+00,0.000000E+00,0.000000E+00,0.000000E+00,0.000000E+00,0.000000E+00,1.998447E+01,3.155282E+01,2.399542E+01,4.571650E+01,6.856774E+02,2.522422E+02,2.240252E-02,2.474836E-02,0.000000E+00,0.000000E+00,0.000000E+00,0.000000E+00,0.000000E+00,0.000000E+00,0.000000E+00,0.000000E+00,1.998449E+01,3.159508E+01,2.399535E+01,4.554281E+01,7.456890E+02,3.173194E+02,2.436321E-02,3.113566E-02,0.000000E+00,0.000000E+00,0.000000E+00,0.000000E+00,0.000000E+00,0.000000E+00,0.000000E+00,0.000000E+00,1.998448E+01,3.233065E+01,2.399463E+01,4.418431E+01,1.072064E+03,3.712049E+02,3.502001E-02,3.642515E-02,0.000000E+00,0.000000E+00,0.000000E+00,0.000000E+00,0.000000E+00,0.000000E+00,0.000000E+00,0.000000E+00,1.997886E+01,3.207104E+01,2.399396E+01,4.445552E+01,2.023187E+03,7.899603E+02,6.610097E-02,7.750984E-02,0.000000E+00,0.000000E+00,0.000000E+00,0.000000E+00,0.000000E+00,0.000000E+00,0.000000E+00,0.000000E+00,1.998413E+01,3.349283E+01,2.399380E+01,4.362781E+01,5.134582E+03,2.732325E+03,1.677616E-01,2.680810E-01,0.000000E+00,0.000000E+00,0.000000E+00,0.000000E+00,0.000000E+00,0.000000E+00,0.000000E+00,0.000000E+00,1.998521E+01,3.168403E+01,2.399498E+01,4.470276E+01,2.938557E+02,6.879424E+02,9.602270E-03,6.749867E-02,0.000000E+00,0.000000E+00,0.000000E+00,0.000000E+00,0.000000E+00,0.000000E+00,0.000000E+00,0.000000E+00,1.998866E+01,2.197004E+01,2.399478E+01,4.120924E+01
17:00:00,0.000000E+00,2.529027E+05,0.000000E+00,4.135863E+01,0.000000E+00,0.000000E+00,0.000000E+00,0.000000E+00,0.000000E+00,0.000000E+00,0.000000E+00,0.000000E+00,2.000042E+01,4.501302E+01,1.999657E+01,4.582206E+01,0.000000E+00,2.232891E+05,0.000000E+00,3.651085E+01,0.000000E+00,0.000000E+00,0.000000E+00,0.000000E+00,0.000000E+00,0.000000E+00,0.000000E+00,0.000000E+00,1.999758E+01,4.539651E+01,1.999739E+01,4.570877E+01,0.000000E+00,1.576598E+05,0.000000E+00,2.578068E+01,0.000000E+00,0.000000E+00,0.000000E+00,0.000000E+00,0.000000E+00,0.000000E+00,0.000000E+00,0.000000E+00,1.999685E+01,4.557318E+01,1.999715E+01,4.619343E+01,8.924558E+02,1.319479E+03,2.733878E-02,2.157017E-01,0.000000E+00,0.000000E+00,0.000000E+00,0.000000E+00,0.000000E+00,0.000000E+00,0.000000E+00,0.000000E+00,1.798670E+01,3.346788E+01,1.999879E+01,4.670499E+01,1.068651E+03,4.059930E+02,3.490849E-02,3.983974E-02,0.000000E+00,0.000000E+00,0.000000E+00,0.000000E+00,0.000000E+00,0.000000E+00,0.000000E+00,0.000000E+00,1.997884E+01,3.204314E+01,2.399332E+01,4.327836E+01,6.933241E+02,2.631541E+02,2.265238E-02,2.581902E-02,0.000000E+00,0.000000E+00,0.000000E+00,0.000000E+00,0.000000E+00,0.000000E+00,0.000000E+00,0.000000E+00,1.998453E+01,3.169331E+01,2.399515E+01,4.569112E+01,6.823979E+02,2.486799E+02,2.229535E-02,2.439839E-02,0.000000E+00,0.000000E+00,0.000000E+00,0.000000E+00,0.000000E+00,0.000000E+00,0.000000E+00,0.000000E+00,1.998447E+01,3.155238E+01,2.399551E+01,4.625606E+01,6.856505E+02,2.546403E+02,2.240164E-02,2.498337E-02,0.000000E+00,0.000000E+00,0.000000E+00,0.000000E+00,0.000000E+00,0.000000E+00,0.000000E+00,0.000000E+00,1.998449E+01,3.159464E+01,2.399546E+01,4.611446E+01,7.456624E+02,3.136075E+02,2.436234E-02,3.077096E-02,0.000000E+00,0.000000E+00,0.000000E+00,0.000000E+00,0.000000E+00,0.000000E+00,0.000000E+00,0.000000E+00,1.998448E+01,3.233025E+01,2.399492E+01,4.495822E+01,1.072039E+03,3.572887E+02,3.501918E-02,3.505931E-02,0.000000E+00,0.000000E+00,0.000000E+00,0.000000E+00,0.000000E+00,0.000000E+00,0.000000E+00,0.000000E+00,1.997886E+01,3.207078E+01,2.399375E+01,4.528328E+01,2.022565E+03,8.505260E+02,6.608064E-02,8.345442E-02,0.000000E+00,0.000000E+00,0.000000E+00,0.000000E+00,0.000000E+00,0.000000E+00,0.000000E+00,0.000000E+00,1.998413E+01,3.349049E+01,2.399346E+01,4.341783E+01,5.131188E+03,2.755639E+03,1.676506E-01,2.703681E-01,0.000000E+00,0.000000E+00,0.000000E+00,0.000000E+00,0.000000E+00,0.000000E+00,0.000000E+00,0.000000E+00,1.998521E+01,3.167866E+01,2.399485E+01,4.495157E+01,2.902982E+02,6.895652E+02,9.486000E-03,6.765791E-02,0.000000E+00,0.000000E+00,0.000000E+00,0.000000E+00,0.000000E+00,0.000000E+00,0.000000E+00,0.000000E+00,1.998857E+01,2.186097E+01,2.399448E+01,4.136354E+01
18:00:00,0.000000E+00,2.281922E+05,0.000000E+00,3.731709E+01,0.000000E+00,0.000000E+00,0.000000E+00,0.000000E+00,0.000000E+00,0.000000E+00,0.000000E+00,0.000000E+00,2.000023E+01,4.489320E+01,1.999745E+01,4.624211E+01,0.000000E+00,2.039153E+05,0.000000E+00,3.334261E+01,0.000000E+00,0.000000E+00,0.000000E+00,0.000000E+00,0.000000E+00,0.000000E+00,0.000000E+00,0.000000E+00,1.999862E+01,4.584355E+01,1.999803E+01,4.593416E+01,0.000000E+00,1.377577E+05,0.000000E+00,2.252603E+01,0.000000E+00,0.000000E+00,0.000000E+00,0.000000E+00,0.000000E+00,0.000000E+00,0.000000E+00,0.000000E+00,1.999877E+01,4.749457E+01,1.999804E+01,4.692008E+01,8.926735E+02,1.320116E+03,2.734637E-02,2.158042E-01,0.000000E+00,0.000000E+00,0.000000E+00,0.000000E+00,0.000000E+00,0.000000E+00,0.000000E+00,0.000000E+00,1.799317E+01,3.345962E+01,1.999919E+01,4.675132E+01,1.069022E+03,4.117315E+02,3.492206E-02,4.040176E-02,0.000000E+00,0.000000E+00,0.000000E+00,0.000000E+00,0.000000E+00,0.000000E+00,0.000000E+00,0.000000E+00,1.998640E+01,3.203953E+01,2.399571E+01,4.400246E+01,6.936013E+02,2.573292E+02,2.266218E-02,2.524686E-02,0.000000E+00,0.000000E+00,0.000000E+00,0.000000E+00,0.000000E+00,0.000000E+00,0.000000E+00,0.000000E+00,1.999046E+01,3.169198E+01,2.399703E+01,4.659378E+01,6.826743E+02,2.405126E+02,2.230513E-02,2.359645E-02,0.000000E+00,0.000000E+00,0.000000E+00,0.000000E+00,0.000000E+00,0.000000E+00,0.000000E+00,0.000000E+00,1.999046E+01,3.155112E+01,2.399724E+01,4.730429E+01,6.859269E+02,2.455734E+02,2.241141E-02,2.409313E-02,0.000000E+00,0.000000E+00,0.000000E+00,0.000000E+00,0.000000E+00,0.000000E+00,0.000000E+00,0.000000E+00,1.999046E+01,3.159336E+01,2.399723E+01,4.720539E+01,7.459414E+02,2.958166E+02,2.437225E-02,2.902434E-02,0.000000E+00,0.000000E+00,0.000000E+00,0.000000E+00,0.000000E+00,0.000000E+00,0.000000E+00,0.000000E+00,1.999036E+01,3.232820E+01,2.399707E+01,4.625297E+01,1.072410E+03,3.304743E+02,3.503276E-02,3.242712E-02,0.000000E+00,0.000000E+00,0.000000E+00,0.000000E+00,0.000000E+00,0.000000E+00,0.000000E+00,0.000000E+00,1.998640E+01,3.206715E+01,2.399658E+01,4.676085E+01,2.022881E+03,8.865685E+02,6.609335E-02,8.698934E-02,0.000000E+00,0.000000E+00,0.000000E+00,0.000000E+00,0.000000E+00,0.000000E+00,0.000000E+00,0.000000E+00,1.999060E+01,3.348372E+01,2.399608E+01,4.365691E+01,5.145781E+03,2.697700E+03,1.681336E-01,2.646770E-01,0.000000E+00,0.000000E+00,0.000000E+00,0.000000E+00,0.000000E+00,0.000000E+00,0.000000E+00,0.000000E+00,1.999176E+01,3.171882E+01,2.399686E+01,4.558366E+01,3.129044E+02,6.574827E+02,1.022493E-02,6.450867E-02,0.000000E+00,0.000000E+00,0.000000E+00,0.000000E+00,0.000000E+00,0.000000E+00,0.000000E+00,0.000000E+00,1.999181E+01,2.290645E+01,2.399669E+01,4.235302E+01
19:00:00,0.000000E+00,1.997917E+05,0.000000E+00,3.267211E+01,0.000000E+00,0.000000E+00,0.000000E+00,0.000000E+00,0.000000E+00,0.000000E+00,0.000000E+00,0.000000E+00,2.000021E+01,4.482103E+01,1.999776E+01,4.650212E+01,0.000000E+00,1.816284E+05,0.000000E+00,2.969800E+01,0.000000E+00,0.000000E+00,0.000000E+00,0.000000E+00,0.000000E+00,0.000000E+00,0.000000E+00,0.000000E+00,1.999877E+01,4.600583E+01,1.999832E+01,4.605951E+01,0.000000E+00,1.160755E+05,0.000000E+00,1.898033E+01,0.000000E+00,0.000000E+00,0.000000E+00,0.000000E+00,0.000000E+00,0.000000E+00,0.000000E+00,0.000000E+00,1.999883E+01,4.869323E+01,1.999831E+01,4.734199E+01,8.934604E+02,1.305313E+03,2.737159E-02,2.133821E-01,0.000000E+00,0.000000E+00,0.000000E+00,0.000000E+00,0.000000E+00,0.000000E+00,0.000000E+00,0.000000E+00,1.799451E+01,3.347998E+01,1.999933E+01,4.682053E+01,1.069460E+03,3.921578E+02,3.493816E-02,3.847984E-02,0.000000E+00,0.000000E+00,0.000000E+00,0.000000E+00,0.000000E+00,0.000000E+00,0.000000E+00,0.000000E+00,1.998807E+01,3.204621E+01,2.399697E+01,4.554046E+01,6.939552E+02,2.396918E+02,2.267466E-02,2.351574E-02,0.000000E+00,0.000000E+00,0.000000E+00,0.000000E+00,0.000000E+00,0.000000E+00,0.000000E+00,0.000000E+00,1.999174E+01,3.170217E+01,2.399786E+01,4.788550E+01,6.830297E+02,2.215709E+02,2.231764E-02,2.173746E-02,0.000000E+00,0.000000E+00,0.000000E+00,0.000000E+00,0.000000E+00,0.000000E+00,0.000000E+00,0.000000E+00,1.999174E+01,3.156159E+01,2.399801E+01,4.867643E+01,6.862824E+02,2.254560E+02,2.242393E-02,2.211875E-02,0.000000E+00,0.000000E+00,0.000000E+00,0.000000E+00,0.000000E+00,0.000000E+00,0.000000E+00,0.000000E+00,1.999174E+01,3.160376E+01,2.399801E+01,4.861282E+01,7.462976E+02,2.648005E+02,2.438486E-02,2.598020E-02,0.000000E+00,0.000000E+00,0.000000E+00,0.000000E+00,0.000000E+00,0.000000E+00,0.000000E+00,0.000000E+00,1.999163E+01,3.233733E+01,2.399797E+01,4.784795E+01,1.072847E+03,2.888896E+02,3.504886E-02,2.834572E-02,0.000000E+00,0.000000E+00,0.000000E+00,0.000000E+00,0.000000E+00,0.000000E+00,0.000000E+00,0.000000E+00,1.998807E+01,3.207380E+01,2.399794E+01,4.886147E+01,2.023763E+03,8.804173E+02,6.612503E-02,8.638352E-02,0.000000E+00,0.000000E+00,0.000000E+00,0.000000E+00,0.000000E+00,0.000000E+00,0.000000E+00,0.000000E+00,1.999199E+01,3.349382E+01,2.399724E+01,4.457642E+01,5.173415E+03,2.556663E+03,1.690442E-01,2.508319E-01,0.000000E+00,0.000000E+00,0.000000E+00,0.000000E+00,0.000000E+00,0.000000E+00,0.000000E+00,0.000000E+00,1.999313E+01,3.183438E+01,2.399764E+01,4.651539E+01,3.584520E+02,6.008651E+02,1.171364E-02,5.895216E-02,0.000000E+00,0.000000E+00,0.000000E+00,0.000000E+00,0.000000E+00,0.000000E+00,0.000000E+00,0.000000E+00,1.999238E+01,2.552741E+01,2.399756E+01,4.389149E+01
20:00:00,0.000000E+00,1.692775E+05,0.000000E+00,2.768169E+01,0.000000E+00,0.000000E+00,0.000000E+00,0.000000E+00,0.000000E+00,0.000000E+00,0.000000E+00,0.000000E+00,2.000022E+01,4.476055E+01,1.999748E+01,4.667204E+01,0.000000E+00,1.571440E+05,0.000000E+00,2.569422E+01,0.000000E+00,0.000000E+00,0.000000E+00,0.000000E+00,0.000000E+00,0.000000E+00,0.000000E+00,0.000000E+00,1.999872E+01,4.616213E+01,1.999814E+01,4.616771E+01,0.000000E+00,9.330235E+04,0.000000E+00,1.525633E+01,0.000000E+00,0.000000E+00,0.000000E+00,0.000000E+00,0.000000E+00,0.000000E+00,0.000000E+00,0.000000E+00,1.999887E+01,4.985692E+01,1.999803E+01,4.765609E+01,8.948822E+02,1.278492E+03,2.741618E-02,2.089962E-01,0.000000E+00,0.000000E+00,0.000000E+00,0.000000E+00,0.000000E+00,0.000000E+00,0.000000E+00,0.000000E+00,1.799394E+01,3.350509E+01,1.999922E+01,4.689076E+01,1.069903E+03,3.434918E+02,3.495428E-02,3.370352E-02,0.000000E+00,0.000000E+00,0.000000E+00,0.000000E+00,0.000000E+00,0.000000E+00,0.000000E+00,0.000000E+00,1.998721E+01,3.205056E+01,2.399772E+01,4.814446E+01,6.943388E+02,2.127347E+02,2.268801E-02,2.087038E-02,0.000000E+00,0.000000E+00,0.000000E+00,0.000000E+00,0.000000E+00,0.000000E+00,0.000000E+00,0.000000E+00,1.999108E+01,3.170879E+01,2.399798E+01,4.950713E+01,6.834167E+02,1.951380E+02,2.233111E-02,1.914362E-02,0.000000E+00,0.000000E+00,0.000000E+00,0.000000E+00,0.000000E+00,0.000000E+00,0.000000E+00,0.000000E+00,1.999108E+01,3.156845E+01,2.399807E+01,5.026333E+01,6.866694E+02,1.977439E+02,2.243740E-02,1.939937E-02,0.000000E+00,0.000000E+00,0.000000E+00,0.000000E+00,0.000000E+00,0.000000E+00,0.000000E+00,0.000000E+00,1.999108E+01,3.161058E+01,2.399809E+01,5.023378E+01,7.466829E+02,2.250290E+02,2.439833E-02,2.207724E-02,0.000000E+00,0.000000E+00,0.000000E+00,0.000000E+00,0.000000E+00,0.000000E+00,0.000000E+00,0.000000E+00,1.999098E+01,3.234343E+01,2.399816E+01,4.977049E+01,1.073291E+03,2.351075E+02,3.506497E-02,2.306783E-02,0.000000E+00,0.000000E+00,0.000000E+00,0.000000E+00,0.000000E+00,0.000000E+00,0.000000E+00,0.000000E+00,1.998721E+01,3.207812E+01,2.399857E+01,5.161368E+01,2.025281E+03,8.212168E+02,6.617730E-02,8.057306E-02,0.000000E+00,0.000000E+00,0.000000E+00,0.000000E+00,0.000000E+00,0.000000E+00,0.000000E+00,0.000000E+00,1.999131E+01,3.350605E+01,2.399741E+01,4.610352E+01,5.208318E+03,2.355417E+03,1.701916E-01,2.310812E-01,0.000000E+00,0.000000E+00,0.000000E+00,0.000000E+00,0.000000E+00,0.000000E+00,0.000000E+00,0.000000E+00,1.999247E+01,3.191974E+01,2.399746E+01,4.756372E+01,4.133178E+02,5.293919E+02,1.350679E-02,5.193849E-02,0.000000E+00,0.000000E+00,0.000000E+00,0.000000E+00,0.000000E+00,0.000000E+00,0.000000E+00,0.000000E+00,1.999156E+01,2.726216E+01,2.399747E+01,4.543939E+01
21:00:00,0.000000E+00,1.369865E+05,0.000000E+00,2.240085E+01,0.000000E+00,0.000000E+00,0.000000E+00,0.000000E+00,0.000000E+00,0.000000E+00,0.000000E+00,0.000000E+00,2.000024E+01,4.469879E+01,1.999718E+01,4.684043E+01,0.000000E+00,1.307323E+05,0.000000E+00,2.137544E+01,0.000000E+00,0.000000E+00,0.000000E+00,0.000000E+00,0.000000E+00,0.000000E+00,0.000000E+00,0.000000E+00,1.999854E+01,4.631846E+01,1.999792E+01,4.628247E+01,0.000000E+00,6.966568E+04,0.000000E+00,1.139121E+01,0.000000E+00,0.000000E+00,0.000000E+00,0.000000E+00,0.000000E+00,0.000000E+00,0.000000E+00,0.000000E+00,1.999881E+01,5.108272E+01,1.999774E+01,4.795125E+01,8.968541E+02,1.244158E+03,2.747740E-02,2.033826E-01,0.000000E+00,0.000000E+00,0.000000E+00,0.000000E+00,0.000000E+00,0.000000E+00,0.000000E+00,0.000000E+00,1.799233E+01,3.353114E+01,1.999911E+01,4.695462E+01,1.070308E+03,2.753781E+02,3.496872E-02,2.701927E-02,0.000000E+00,0.000000E+00,0.000000E+00,0.000000E+00,0.000000E+00,0.000000E+00,0.000000E+00,0.000000E+00,1.998504E+01,3.205422E+01,2.399881E+01,5.177413E+01,6.947158E+02,1.805177E+02,2.270095E-02,1.770909E-02,0.000000E+00,0.000000E+00,0.000000E+00,0.000000E+00,0.000000E+00,0.000000E+00,0.000000E+00,0.000000E+00,1.998941E+01,3.171355E+01,2.399813E+01,5.138486E+01,6.837979E+02,1.650881E+02,2.234417E-02,1.619505E-02,0.000000E+00,0.000000E+00,0.000000E+00,0.000000E+00,0.000000E+00,0.000000E+00,0.000000E+00,0.000000E+00,1.998940E+01,3.157336E+01,2.399815E+01,5.200231E+01,6.870505E+02,1.664967E+02,2.245046E-02,1.633330E-02,0.000000E+00,0.000000E+00,0.000000E+00,0.000000E+00,0.000000E+00,0.000000E+00,0.000000E+00,0.000000E+00,1.998940E+01,3.161546E+01,2.399817E+01,5.200578E+01,7.470610E+02,1.827082E+02,2.441134E-02,1.792438E-02,0.000000E+00,0.000000E+00,0.000000E+00,0.000000E+00,0.000000E+00,0.000000E+00,0.000000E+00,0.000000E+00,1.998931E+01,3.234799E+01,2.399833E+01,5.191710E+01,1.073695E+03,1.769145E+02,3.507940E-02,1.735747E-02,0.000000E+00,0.000000E+00,0.000000E+00,0.000000E+00,0.000000E+00,0.000000E+00,0.000000E+00,0.000000E+00,1.998505E+01,3.208177E+01,2.399925E+01,5.489534E+01,2.027363E+03,7.305497E+02,6.624729E-02,7.167532E-02,0.000000E+00,0.000000E+00,0.000000E+00,0.000000E+00,0.000000E+00,0.000000E+00,0.000000E+00,0.000000E+00,1.998953E+01,3.351877E+01,2.399739E+01,4.782213E+01,5.247557E+03,2.120705E+03,1.714790E-01,2.080484E-01,0.000000E+00,0.000000E+00,0.000000E+00,0.000000E+00,0.000000E+00,0.000000E+00,0.000000E+00,0.000000E+00,1.999070E+01,3.197822E+01,2.399727E+01,4.866090E+01,4.734425E+02,4.507584E+02,1.547160E-02,4.422260E-02,0.000000E+00,0.000000E+00,0.000000E+00,0.000000E+00,0.000000E+00,0.000000E+00,0.000000E+00,0.000000E+00,1.998982E+01,2.827499E+01,2.399724E+01,4.691638E+01
22:00:00,0.000000E+00,1.032367E+05,0.000000E+00,1.688149E+01,0.000000E+00,0.000000E+00,0.000000E+00,0.000000E+00,0.000000E+00,0.000000E+00,0.000000E+00,0.000000E+00,2.000027E+01,4.460220E+01,1.999688E+01,4.701443E+01,0.000000E+00,1.026492E+05,0.000000E+00,1.678337E+01,0.000000E+00,0.000000E+00,0.000000E+00,0.000000E+00,0.000000E+00,0.000000E+00,0.000000E+00,0.000000E+00,1.999831E+01,4.653180E+01,1.999769E+01,4.640268E+01,0.000000E+00,4.532660E+04,0.000000E+00,7.411196E+00,0.000000E+00,0.000000E+00,0.000000E+00,0.000000E+00,0.000000E+00,0.000000E+00,0.000000E+00,0.000000E+00,1.999881E+01,5.343395E+01,1.999743E+01,4.823717E+01,8.994204E+02,1.205567E+03,2.755671E-02,1.970733E-01,0.000000E+00,0.000000E+00,0.000000E+00,0.000000E+00,0.000000E+00,0.000000E+00,0.000000E+00,0.000000E+00,1.799156E+01,3.357141E+01,1.999899E+01,4.701499E+01,1.070790E+03,2.006849E+02,3.498543E-02,1.968946E-02,0.000000E+00,0.000000E+00,0.000000E+00,0.000000E+00,0.000000E+00,0.000000E+00,0.000000E+00,0.000000E+00,1.998392E+01,3.205639E+01,2.398969E+01,5.586543E+01,6.951621E+02,1.467721E+02,2.271604E-02,1.439781E-02,0.000000E+00,0.000000E+00,0.000000E+00,0.000000E+00,0.000000E+00,0.000000E+00,0.000000E+00,0.000000E+00,1.998857E+01,3.171709E+01,2.399831E+01,5.336407E+01,6.842474E+02,1.345814E+02,2.235937E-02,1.320169E-02,0.000000E+00,0.000000E+00,0.000000E+00,0.000000E+00,0.000000E+00,0.000000E+00,0.000000E+00,0.000000E+00,1.998855E+01,3.157702E+01,2.399828E+01,5.379936E+01,6.875001E+02,1.350367E+02,2.246566E-02,1.324637E-02,0.000000E+00,0.000000E+00,0.000000E+00,0.000000E+00,0.000000E+00,0.000000E+00,0.000000E+00,0.000000E+00,1.998856E+01,3.161910E+01,2.399830E+01,5.383187E+01,7.475093E+02,1.418509E+02,2.442653E-02,1.391515E-02,0.000000E+00,0.000000E+00,0.000000E+00,0.000000E+00,0.000000E+00,0.000000E+00,0.000000E+00,0.000000E+00,1.998847E+01,3.235130E+01,2.399855E+01,5.414223E+01,1.074177E+03,1.221753E+02,3.509610E-02,1.198613E-02,0.000000E+00,0.000000E+00,0.000000E+00,0.000000E+00,0.000000E+00,0.000000E+00,0.000000E+00,0.000000E+00,1.998392E+01,3.208394E+01,2.394838E+01,5.835299E+01,2.030140E+03,6.236442E+02,6.633969E-02,6.118306E-02,0.000000E+00,0.000000E+00,0.000000E+00,0.000000E+00,0.000000E+00,0.000000E+00,0.000000E+00,0.000000E+00,1.998864E+01,3.353437E+01,2.399731E+01,4.945105E+01,5.290466E+03,1.873704E+03,1.728855E-01,1.838092E-01,0.000000E+00,0.000000E+00,0.000000E+00,0.000000E+00,0.000000E+00,0.000000E+00,0.000000E+00,0.000000E+00,1.998985E+01,3.204260E+01,2.399707E+01,4.973573E+01,5.372884E+02,3.685358E+02,1.755796E-02,3.615431E-02,0.000000E+00,0.000000E+00,0.000000E+00,0.000000E+00,0.000000E+00,0.000000E+00,0.000000E+00,0.000000E+00,1.998941E+01,2.927832E+01,2.399717E+01,4.832206E+01
23:00:00,0.000000E+00,8.577761E+04,0.000000E+00,1.402623E+01,0.000000E+00,0.000000E+00,0.000000E+00,0.000000E+00,0.000000E+00,0.000000E+00,0.000000E+00,0.000000E+00,2.000026E+01,4.450104E+01,1.999664E+01,4.720141E+01,0.000000E+00,9.062124E+04,0.000000E+00,1.481658E+01,0.000000E+00,0.000000E+00,0.000000E+00,0.000000E+00,0.000000E+00,0.000000E+00,0.000000E+00,0.000000E+00,1.999822E+01,4.673652E+01,1.999751E+01,4.653221E+01,0.000000E+00,3.791067E+04,0.000000E+00,6.198515E+00,0.000000E+00,0.000000E+00,0.000000E+00,0.000000E+00,0.000000E+00,0.000000E+00,0.000000E+00,0.000000E+00,1.999908E+01,5.567721E+01,1.999722E+01,4.854095E+01,9.023846E+02,1.163102E+03,2.764809E-02,1.901303E-01,0.000000E+00,0.000000E+00,0.000000E+00,0.000000E+00,0.000000E+00,0.000000E+00,0.000000E+00,0.000000E+00,1.799068E+01,3.360173E+01,1.999895E+01,4.708061E+01,1.071262E+03,1.310590E+02,3.500167E-02,1.285690E-02,0.000000E+00,0.000000E+00,0.000000E+00,0.000000E+00,0.000000E+00,0.000000E+00,0.000000E+00,0.000000E+00,1.998292E+01,3.205903E+01,2.344437E+01,6.084065E+01,6.956144E+02,1.066108E+02,2.273123E-02,1.045740E-02,0.000000E+00,0.000000E+00,0.000000E+00,0.000000E+00,0.000000E+00,0.000000E+00,0.000000E+00,0.000000E+00,1.998777E+01,3.172038E+01,2.374716E+01,5.612283E+01,6.847023E+02,9.801500E+01,2.237464E-02,9.614121E-03,0.000000E+00,0.000000E+00,0.000000E+00,0.000000E+00,0.000000E+00,0.000000E+00,0.000000E+00,0.000000E+00,1.998775E+01,3.158034E+01,2.375350E+01,5.632446E+01,6.879551E+02,9.797207E+01,2.248093E-02,9.609907E-03,0.000000E+00,0.000000E+00,0.000000E+00,0.000000E+00,0.000000E+00,0.000000E+00,0.000000E+00,0.000000E+00,1.998776E+01,3.162241E+01,2.374996E+01,5.638885E+01,7.479639E+02,9.970052E+01,2.444182E-02,9.779489E-03,0.000000E+00,0.000000E+00,0.000000E+00,0.000000E+00,0.000000E+00,0.000000E+00,0.000000E+00,0.000000E+00,1.998768E+01,3.235443E+01,2.369815E+01,5.720241E+01,1.074649E+03,7.509379E+01,3.511233E-02,7.366096E-03,0.000000E+00,0.000000E+00,0.000000E+00,0.000000E+00,0.000000E+00,0.000000E+00,0.000000E+00,0.000000E+00,1.998293E+01,3.208657E+01,2.339873E+01,6.219972E+01,2.033357E+03,4.646239E+02,6.644616E-02,4.557822E-02,0.000000E+00,0.000000E+00,0.000000E+00,0.000000E+00,0.000000E+00,0.000000E+00,0.000000E+00,0.000000E+00,1.998777E+01,3.354615E+01,2.395750E+01,5.155467E+01,5.335783E+03,1.444685E+03,1.743698E-01,1.417147E-01,0.000000E+00,0.000000E+00,0.000000E+00,0.000000E+00,0.000000E+00,0.000000E+00,0.000000E+00,0.000000E+00,1.998894E+01,3.207947E+01,2.399918E+01,5.114736E+01,6.039868E+02,2.605918E+02,1.973744E-02,2.556262E-02,0.000000E+00,0.000000E+00,0.000000E+00,0.000000E+00,0.000000E+00,0.000000E+00,0.000000E+00,0.000000E+00,1.998865E+01,2.977217E+01,2.399911E+01,5.006827E+01
24:00:00,0.000000E+00,7.607105E+04,0.000000E+00,1.243931E+01,0.000000E+00,0.000000E+00,0.000000E+00,0.000000E+00,0.000000E+00,0.000000E+00,0.000000E+00,0.000000E+00,2.000026E+01,4.431466E+01,1.999656E+01,4.740177E+01,0.000000E+00,8.130124E+04,0.000000E+00,1.329294E+01,0.000000E+00,0.000000E+00,0.000000E+00,0.000000E+00,0.000000E+00,0.000000E+00,0.000000E+00,0.000000E+00,1.999803E+01,4.704551E+01,1.999744E+01,4.667160E+01,0.000000E+00,3.327232E+04,0.000000E+00,5.440254E+00,0.000000E+00,0.000000E+00,0.000000E+00,0.000000E+00,0.000000E+00,0.000000E+00,0.000000E+00,0.000000E+00,1.998986E+01,5.961883E+01,1.999716E+01,4.885161E+01,9.050601E+02,1.118830E+03,2.772957E-02,1.828944E-01,0.000000E+00,0.000000E+00,0.000000E+00,0.000000E+00,0.000000E+00,0.000000E+00,0.000000E+00,0.000000E+00,1.798974E+01,3.363481E+01,1.999894E+01,4.715729E+01,1.071387E+03,7.122569E+01,3.500485E-02,6.986709E-03,0.000000E+00,0.000000E+00,0.000000E+00,0.000000E+00,0.000000E+00,0.000000E+00,0.000000E+00,0.000000E+00,1.998178E+01,3.206186E+01,2.298826E+01,6.087015E+01,6.958077E+02,7.201872E+01,2.273709E-02,7.064057E-03,0.000000E+00,0.000000E+00,0.000000E+00,0.000000E+00,0.000000E+00,0.000000E+00,0.000000E+00,0.000000E+00,1.998689E+01,3.172383E+01,2.349204E+01,5.723363E+01,6.848981E+02,6.699499E+01,2.238059E-02,6.571243E-03,0.000000E+00,0.000000E+00,0.000000E+00,0.000000E+00,0.000000E+00,0.000000E+00,0.000000E+00,0.000000E+00,1.998686E+01,3.158379E+01,2.351290E+01,5.728104E+01,6.881509E+02,6.671202E+01,2.248688E-02,6.543481E-03,0.000000E+00,0.000000E+00,0.000000E+00,0.000000E+00,0.000000E+00,0.000000E+00,0.000000E+00,0.000000E+00,1.998687E+01,3.162585E+01,2.350603E+01,5.734095E+01,7.481581E+02,6.493168E+01,2.444768E-02,6.368817E-03,0.000000E+00,0.000000E+00,0.000000E+00,0.000000E+00,0.000000E+00,0.000000E+00,0.000000E+00,0.000000E+00,1.998680E+01,3.235776E+01,2.341292E+01,5.811575E+01,1.074774E+03,3.879723E+01,3.511550E-02,3.805387E-03,0.000000E+00,0.000000E+00,0.000000E+00,0.000000E+00,0.000000E+00,0.000000E+00,0.000000E+00,0.000000E+00,1.998180E+01,3.208940E+01,2.295177E+01,6.151752E+01,2.036175E+03,3.180690E+02,6.653682E-02,3.120040E-02,0.000000E+00,0.000000E+00,0.000000E+00,0.000000E+00,0.000000E+00,0.000000E+00,0.000000E+00,0.000000E+00,1.998679E+01,3.355875E+01,2.380285E+01,5.358733E+01,5.365737E+03,1.060240E+03,1.753449E-01,1.040015E-01,0.000000E+00,0.000000E+00,0.000000E+00,0.000000E+00,0.000000E+00,0.000000E+00,0.000000E+00,0.000000E+00,1.998792E+01,3.210990E+01,2.391253E+01,5.272707E+01,6.473452E+02,1.796632E+02,2.115388E-02,1.762357E-02,0.000000E+00,0.000000E+00,0.000000E+00,0.000000E+00,0.000000E+00,0.000000E+00,0.000000E+00,0.000000E+00,1.998774E+01,3.010547E+01,2.391571E+01,5.191081E+01
Peak,0.000000E+00,2.682821E+05,0.000000E+00,4.387384E+01,0.000000E+00,0.000000E+00,0.000000E+00,0.000000E+00,0.000000E+00,0.000000E+00,0.000000E+00,0.000000E+00,,,,,0.000000E+00,2.383578E+05,0.000000E+00,3.897491E+01,0.000000E+00,0.000000E+00,0.000000E+00,0.000000E+00,0.000000E+00,0.000000E+00,0.000000E+00,0.000000E+00,,,,,0.000000E+00,1.741319E+05,0.000000E+00,2.847435E+01,0.000000E+00,0.000000E+00,0.000000E+00,0.000000E+00,0.000000E+00,0.000000E+00,0.000000E+00,0.000000E+00,,,,,9.107594E+02,1.320116E+03,2.790379E-02,2.158042E-01,0.000000E+00,0.000000E+00,0.000000E+00,0.000000E+00,0.000000E+00,0.000000E+00,0.000000E+00,0.000000E+00,,,,,1.071869E+03,4.117315E+02,3.501990E-02,4.040176E-02,0.000000E+00,0.000000E+00,0.000000E+00,0.000000E+00,0.000000E+00,0.000000E+00,0.000000E+00,0.000000E+00,,,,,6.962445E+02,2.631541E+02,2.275102E-02,2.581902E-02,0.000000E+00,0.000000E+00,0.000000E+00,0.000000E+00,0.000000E+00,0.000000E+00,0.000000E+00,0.000000E+00,,,,,6.853316E+02,2.486799E+02,2.239441E-02,2.439839E-02,0.000000E+00,0.000000E+00,0.000000E+00,0.000000E+00,0.000000E+00,0.000000E+00,0.000000E+00,0.000000E+00,,,,,6.885847E+02,2.546403E+02,2.250071E-02,2.498337E-02,0.000000E+00,0.000000E+00,0.000000E+00,0.000000E+00,0.000000E+00,0.000000E+00,0.000000E+00,0.000000E+00,,,,,7.486093E+02,3.173194E+02,2.446205E-02,3.113566E-02,0.000000E+00,0.000000E+00,0.000000E+00,0.000000E+00,0.000000E+00,0.000000E+00,0.000000E+00,0.000000E+00,,,,,1.075255E+03,3.712049E+02,3.513054E-02,3.642515E-02,0.000000E+00,0.000000E+00,0.000000E+00,0.000000E+00,0.000000E+00,0.000000E+00,0.000000E+00,0.000000E+00,,,,,2.043125E+03,8.865685E+02,6.676355E-02,8.698934E-02,0.000000E+00,0.000000E+00,0.000000E+00,0.000000E+00,0.000000E+00,0.000000E+00,0.000000E+00,0.000000E+00,,,,,5.386708E+03,2.755639E+03,1.760249E-01,2.703681E-01,0.000000E+00,0.000000E+00,0.000000E+00,0.000000E+00,0.000000E+00,0.000000E+00,0.000000E+00,0.000000E+00,,,,,6.701528E+02,6.895652E+02,2.189865E-02,6.765791E-02,0.000000E+00,0.000000E+00,0.000000E+00,0.000000E+00,0.000000E+00,0.000000E+00,0.000000E+00,0.000000E+00,,,,

Peak Vol Flow (m3/s),,,0.000000E+00,4.446808E+01,,,0.000000E+00,0.000000E+00,,,,,,,,,,,0.000000E+00,3.950280E+01,,,0.000000E+00,0.000000E+00,,,,,,,,,,,0.000000E+00,2.886002E+01,,,0.000000E+00,0.000000E+00,,,,,,,,,,,2.828173E-02,2.187272E-01,,,0.000000E+00,0.000000E+00,,,,,,,,,,,3.549422E-02,4.094898E-02,,,0.000000E+00,0.000000E+00,,,,,,,,,,,2.305917E-02,2.616873E-02,,,0.000000E+00,0.000000E+00,,,,,,,,,,,2.269773E-02,2.472885E-02,,,0.000000E+00,0.000000E+00,,,,,,,,,,,2.280547E-02,2.532175E-02,,,0.000000E+00,0.000000E+00,,,,,,,,,,,2.479338E-02,3.155737E-02,,,0.000000E+00,0.000000E+00,,,,,,,,,,,3.560636E-02,3.691851E-02,,,0.000000E+00,0.000000E+00,,,,,,,,,,,6.766782E-02,8.816756E-02,,,0.000000E+00,0.000000E+00,,,,,,,,,,,1.784091E-01,2.740301E-01,,,0.000000E+00,0.000000E+00,,,,,,,,,,,2.219525E-02,6.857430E-02,,,0.000000E+00,0.000000E+00,,,,,,,,
