V1 CEABaseline,V1 CEASmoothing
0.985747986586657,0.9856051861191608
0.9857496889981818,0.9856068875362203
0.9857496964822972,0.985606883023938
0.9857497005032524,0.9856068943246615
0.9857497289698532,0.9856069205265962
0.9857497630460714,0.985606944217555
0.9857497949089876,0.9856069780754505
0.9857498347822584,0.9856070188951604
0.9857498789185092,0.98560706210089
0.98574992343392,0.985607098475612
0.9857499666356904,0.9856071455418508
0.9857500126938274,0.9856071847429453
0.9857500588741348,0.98560722599123
0.985750107987175,0.9856072785041018
0.9857501591402104,0.9856073232950681
0.9857502158067998,0.9856073720392242
0.9857497720381916,0.9856074260729097
0.9857493214152928,0.9856074766586932
0.98574959528345,0.985607533595834
0.9857495842815333,0.9856075834684526
0.9857496757333416,0.9856076368163491
0.9857493184207302,0.9856076921632848
0.9857492971586144,0.9856077445283942
0.9857492883220914,0.9856078010143684
0.9857492963178464,0.9856078549132167
0.9857493522842132,0.9856079069910153
0.9857494004470008,0.9856079611539824
0.9857494339801788,0.9856080176159591
0.985749449700468,0.9856080739173398
0.9857494647952106,0.9856081346441007
0.9857494896263936,0.9856082028443359
0.9857495203215284,0.9856082711939042
0.9857495541745628,0.9856083165153696
0.9857495861427362,0.9856083699916517
0.9857496104314556,0.9856084186418058
0.9857496407288168,0.9856084635793873
0.9857496619390717,0.9856085072884413
0.98574969304185,0.9856085756927266
0.9857497269119844,0.9856086374290021
0.9857497542556364,0.9856087061497717
0.9857497792323696,0.985608776466584
0.9857498107107964,0.9856088407521606
0.9857498380211072,0.9856089195894654
0.9857498645145388,0.9856090019584224
0.985749893249004,0.9856090695081994
0.9857499219328508,0.9856091393014244
0.9857499572477564,0.9856092007281322
0.98574998146873,0.9856092565138947
0.985750013698348,0.9856093163573935
0.9857500438099204,0.9856093656730865
0.9857500746045134,0.985609412394551
0.9857501029096842,0.9856094567854597
0.985750133892317,0.9856095021191883
0.9857501657558272,0.9856095494253049
0.985750192027088,0.9856095971622035
0.9857502309232982,0.9856096426753621
0.9857502587061152,0.9856096827788406
0.9857502906778928,0.9856097304258776
0.9857503237025392,0.9856097767595932
0.9857503538871202,0.9856098179830863
0.9857503772536323,0.9856098570073695
0.9857503813254456,0.9856098699089535
0.985750387509576,0.985609871803823
0.9857503984708696,0.9856098738099022
0.9857504014760212,0.9856098741527076
0.9857504071632508,0.9856098698979683
0.985750403793374,0.9856098636991388
0.9857503996438616,0.985609861166375
0.9857503971703876,0.9856098603253969
0.9857503982389983,0.9856098488615282
0.9857504003470858,0.9856098419770545
0.9857503934698796,0.9856098389377641
0.9857503931189084,0.9856098331019142
0.985750384874562,0.9856098273242085
0.9857503799854972,0.9856098242420204
0.9857503820004396,0.9856098168804377
0.9857503762235073,0.985609810835481
0.9857503712273932,0.9856098063279132
0.985750364008443,0.9856097980548912
0.9857503611406176,0.9856097926609471
0.985750356867944,0.9856097885595354
0.9857503494978784,0.9856097784610444
0.9857503462852352,0.9856097692969896
0.9857503450794052,0.9856097668049442
0.9857503369346076,0.9856097581538397
0.9857503311916844,0.9856097493981483
0.985750323854864,0.9856097422498542
0.9857503245030343,0.985609731358987
0.985750316070899,0.9856097255582523
0.9857503109014946,0.9856097138026915
0.9857503068660368,0.9856097052898763
0.9857502944689414,0.985609699615081
0.9857502946838618,0.9856096868726854
0.9857502842675552,0.9856096782954319
0.9857502810315286,0.9856096693629864
0.985750277918255,0.9856096594306
0.9857502663628048,0.9856096529606734
0.9857502593096662,0.9856096391533037
0.985750254311318,0.9856096269577701
0.9857502508076842,0.9856096192511558
0.9857502426880234,0.985609609232056
0.9857502325203974,0.9856095983144882
0.985750231969638,0.9856095864993202
0.9857502215671956,0.9856095766642378
0.9857502159709596,0.9856095673857083
0.9857502066735406,0.9856095531140291
0.9857502005709318,0.9856095419981535
0.9857501956447782,0.985609535371746
0.9857501850423556,0.9856095273697125
0.9857501752687644,0.9856095160318182
0.9857501714185726,0.9856095120946735
0.9857501640178828,0.9856095059112707
0.9857501566112524,0.985609502856686
0.9857501483859518,0.9856094972755148
0.9857501414186856,0.9856094867756017
0.9857501332425952,0.9856094854822224
0.9857501238589064,0.9856094771329749
0.9857501148434143,0.9856094717523248
0.9857501067131804,0.9856094510790225
0.9857501028981508,0.9856094282039164
0.9857500947827196,0.9856094079249649
0.9857500809617684,0.9856093922631338
0.9857500646375404,0.9856093805276426
0.985750052735541,0.985609366373178
0.9857500359816076,0.9856093582443234
0.9857500249488674,0.9856093512810948
0.9857500144950574,0.9856093430663295
0.9857500045466452,0.9856093403082231
0.985749995553564,0.9856093358988391
0.985749981994308,0.9856093262512676
0.98574996348198,0.9856093248209369
0.9857499550906832,0.9856093216386637
0.98574995029591,0.9856093144360597
0.9857499300202032,0.9856093111301433
0.9857499228669284,0.9856093095993228
0.98574991518429,0.9856093028558321
0.9857498951722424,0.9856092968875039
0.9857498859013912,0.9856092915734194
0.9857498761273826,0.9856092893844234
0.98574986460633,0.9856092889174776
0.9857498521610478,0.9856092775900346
0.9857498392076794,0.9856092720128113
0.9857498306750128,0.9856092739296579
0.985749816549622,0.9856092622606778
0.9857498064779908,0.9856092591988815
0.9857497971022636,0.9856092606538454
0.9857497821059316,0.9856092482476418
0.9857497717075242,0.9856092451908901
0.985749763875108,0.985609240984264
0.9857497477492108,0.9856092352389564
0.985749739626594,0.9856092332008152
0.9857497279103824,0.9856092278269618
0.9857497148000942,0.9856092190014721
0.9857497048244612,0.9856092166798464
0.9857496959964654,0.985609212778912
0.9857496801981792,0.9856092061065048
0.9857496718545576,0.9856092009151626
0.9857496621911338,0.9856091998258926
0.9857496475840898,0.9856091901264186
0.9857496345105144,0.9856091880679604
0.9857496264854152,0.9856091852017659
0.9857496137616628,0.9856091754485085
0.9857496044011336,0.9856091657391478
0.9857495958287228,0.9856091677952421
0.985749576428612,0.9856091525045351
0.9857495707645608,0.9856091447227312
0.985749561847948,0.9856091421448432
0.9857495448183216,0.985609137623802
0.9857495379286892,0.9856091259711633
0.9857495302007372,0.9856091252165632
0.9857495108240713,0.9856091252840843
0.9857495043538074,0.9856091215447429
0.9857494936789516,0.9856091195096927
0.9857494844429232,0.9856091102589846
0.9857494688098144,0.9856091173566089
0.9857494591145892,0.9856091242503431
0.9857494496858532,0.9856091215778087
0.985749438655224,0.9856091112569266
0.9857494272261972,0.985609103703608
0.9857494209153976,0.9856090993375013
0.9857494036242056,0.985609090647421
0.985749388671647,0.9856090777201696
0.9857493797802238,0.9856090703874928
0.9857493625659324,0.9856090648022894
0.9857493454543452,0.9856090531730511
0.9857493314051518,0.9856090489902984
0.9857493198729288,0.9856090359264801
0.9857493058730736,0.9856090102206313
0.9857492892659624,0.9856090142021515
0.9857492810872988,0.9856089945425716
0.985749260218433,0.9856089909552194
0.9857492457315136,0.9856089949511808
0.98574923533443,0.9856089873564349
0.9857492171385218,0.9856089842045327
0.9857492029340144,0.9856089890480652
0.9857491933009156,0.9856089792407
0.9857491779183564,0.9856089760915219
0.9857491626122794,0.9856089720269651
0.9857491458291168,0.9856089600678503
0.9857491329972352,0.9856089579987303
0.9857491223078956,0.9856089569891057
0.9857491077019506,0.9856089420985766
0.9857490888851388,0.9856089373459636
0.985749082333186,0.9856089321750903
0.9857490647609926,0.9856089290741126
0.985749047180614,0.9856089207112234
0.9857490348550824,0.9856089111254211
0.9857490237983992,0.9856089047744371
0.985749007630919,0.9856089022902899
0.9857489974690766,0.9856088931640171
0.9857489819486288,0.9856088832377227
0.9857489634974488,0.985608883379539
0.9857489551601494,0.9856088757747793
0.9857489373053598,0.9856088661059007
0.9857489238737034,0.9856088613729928
0.9857489165538608,0.9856088518825994
0.9857488950222458,0.9856088489665392
0.9857488826137314,0.9856088413748583
0.9857488694174804,0.9856088353655175
0.9857488571052906,0.9856088250579897
0.9857488417160174,0.9856088202449218
0.9857488307382212,0.9856088322993917
0.9857488179667484,0.985608849090725
0.9857487991046792,0.985608863051106
0.9857487878213456,0.9856088720650007
0.9857487770589488,0.9856088835544364
0.9857487586299016,0.9856088748821916
0.9857487505314004,0.9856088619780173
0.9857487317863874,0.9856088662284437
0.9857487181651936,0.9856088615100387
0.9857487070870972,0.9856088561147315
0.9857486962504582,0.9856088319257101
0.9857486777937496,0.9856088058151351
0.9857486654222252,0.9856087843311494
0.9857486562473512,0.9856087676997491
0.9857486396824692,0.9856087473423267
0.9857486232639716,0.9856087430591407
0.9857486127107008,0.9856087544657969
0.985748599302338,0.9856087572628005
0.9857485865758252,0.9856087683591911
0.9857485742603156,0.9856087783054593
0.9857485628127832,0.9856087840837015
0.9857485463392394,0.985608784703428
0.9857485334720214,0.9856087648472501
0.9857485222104972,0.9856087405436126
0.9857485076382776,0.985608720726199
0.9857484944882984,0.9856087017197954
0.9857484832023196,0.985608684702058
0.9857484691871436,0.9856086731089795
0.985748458027264,0.9856086404280616
0.9857484445363978,0.9856086019402459
0.9857484356554026,0.9856085812855679
0.9857484230549892,0.9856085606918068
0.9857484038788398,0.9856085312947483
0.9857483962802854,0.985608502928777
0.9857483868129971,0.9856084861944674
0.9857483716127208,0.9856084661368185
0.98574835669903,0.9856084657075004
0.9857483440208572,0.9856084622075263
0.9857483381884437,0.9856084355019872
0.9857483221114578,0.9856084063157391
0.9857483060386026,0.9856083583304635
0.9857482988273852,0.9856083117807113
0.9857482848177002,0.9856082590198945
0.9857482730453856,0.9856082057135735
0.9857482612935904,0.9856081391496625
0.985748248279144,0.9856080805224882
0.9857482376567988,0.9856080314435955
0.9857482237073144,0.9856079758542221
0.9857482155130896,0.9856079124829403
0.9857481992300366,0.9856078504483814
0.9857481900704862,0.9856077830964262
0.985748171026523,0.9856077108024733
0.985748162413502,0.9856076241061198
0.9857481570581774,0.9856075161589021
0.9857481361436587,0.9856074057830563
0.9857481248363018,0.985607285654622
0.985757841562388,0.9856168814164941
0.985760155134126,0.9856190728391215
0.9857618589092544,0.9856206537718206
0.9857643095932718,0.9856229721242548
0.98576583908883,0.9856243739836494
0.9857681092081486,0.9856265083979033
0.985770813837242,0.9856290655931765
0.9857732493443152,0.9856313568625981
0.9857753169913144,0.985633280717885
0.9857758189790936,0.9856336574862431
0.9857790098218072,0.9856367045661062
0.9857838389837924,0.985641349542512
0.9857895340849976,0.9856468182941119
0.9857919210469536,0.9856489888138954
0.9857929382931022,0.9856498141475185
0.9857937573188392,0.9856504633782007
0.9857936075594406,0.985650181829109
0.9857936238946128,0.9856501011756796
0.9857945176879708,0.9856509198205405
0.9857978654474626,0.9856541688130672
0.9858016454264515,0.9856578286415569
0.9858069482116116,0.9856629505394747
0.9858133797101608,0.9856691569436461
0.985814387046558,0.9856699716990622
0.9858184528828228,0.9856737362007398
0.9858200384367568,0.9856750138022644
0.9858198756045158,0.9856746169700319
0.9858167227470744,0.985671348595517
0.9858107314090984,0.9856653821907443
0.9858030212684156,0.9856578156251857
0.9857968124115264,0.985651843481285
0.9857945583766696,0.9856498365365313
0.9857950068860396,0.9856505091404898
0.9857961218831672,0.9856518173861312
0.9857961633085686,0.9856519997929473
0.9857978436495936,0.9856537783343154
0.9857968624125292,0.9856528677911656
0.9857953066170024,0.985651358830776
0.9857945271339484,0.9856506278462602
0.9857960766103684,0.9856521913049624
0.9857975395845174,0.985653640795251
0.9858008223968088,0.9856568673675519
0.9858037584119348,0.9856597251145988
0.9858053003321686,0.9856611759036632
0.9858053473572588,0.9856611327399282
0.98580521778854,0.985660943835164
0.9858034561995356,0.985659157700929
0.985799527574174,0.985655261996919
0.9857932166044132,0.9856490900705897
0.9857881779282922,0.9856442478661063
0.9857881308959252,0.9856443874417076
0.9857915618675026,0.9856479388059326
0.98579547422968,0.9856518916372045
0.9857984801249778,0.9856548847185816
0.9857984761327054,0.9856548671869602
0.9857989297042514,0.98565527591809
0.9858064272357197,0.9856626174362493
0.985813589858871,0.9856695480569915
0.985813137628167,0.9856688933598549
0.9858068094995196,0.9856624836985954
0.9858007648144894,0.9856564801493226
0.9857978407383314,0.9856536535529129
0.9857977955136064,0.9856537024629297
0.9857977867350972,0.9856537939044844
0.9857977858819976,0.9856538861372143
0.9857969015179184,0.9856531064265577
0.9857959499288232,0.9856522622626999
0.9857935196570884,0.9856499360754859
0.9857922684033482,0.9856487901816371
0.9857922488031966,0.9856488481506516
0.9857928142164836,0.9856494646142635
0.9857951459281816,0.985651809659068
0.985795895894578,0.9856525628855255
0.985795895807622,0.9856525633003682
0.9857963512381056,0.9856529991269168
0.9857993378857904,0.9856559339848733
0.9858033928692426,0.9856598794984686
0.9858063711179762,0.9856627327832272
0.985808339280386,0.9856645617934924
0.985807396474799,0.9856635133519815
0.9858084690441876,0.98566448721087
0.9858086570987472,0.9856646085295251
0.985808713647228,0.9856646131441595
0.9858089347107368,0.9856647979264608
0.9858105872823952,0.9856664245012098
0.985816585944398,0.9856723235526226
0.9858259065007506,0.9856814450954275
0.985835205208803,0.9856904425621444
0.9858471386943684,0.9857019399215461
0.9858628386111216,0.9857170632742827
0.9858809559334166,0.9857344148554166
0.9858972411706828,0.9857498265781985
0.9859107409247916,0.9857624151297127
0.9859190667061726,0.9857698593519445
0.985921265910025,0.985771310521136
0.985919906465464,0.9857693965976588
0.9859209687220144,0.9857700274955871
0.9859258845613036,0.9857745679536878
0.9859288894471926,0.9857772925746018
0.985932601746345,0.9857807704075904
0.9859425817039134,0.9857904529978571
0.985953167926354,0.9858006684995929
0.9859608385998756,0.9858079211636833
0.9859720168755388,0.9858186013175869
0.9859852177312988,0.9858311927389724
0.9860020098332688,0.985847245044616
0.9860233149757164,0.9858676473617898
0.986046280013061,0.9858895334895902
0.9860643709618488,0.9859064878347175
0.9860844309045927,0.9859253326076965
0.9861177864097322,0.9859572354726973
0.9862130895958992,0.9860507775535431
0.986253463056992,0.9860891324095158
0.9862790458426128,0.9861126997559388
0.986295918130638,0.9861276847040121
0.9862810460229726,0.9861638392207336
0.9862403462303028,0.9861262900651326
0.986225975767382,0.9861112960403301
0.9862182843464212,0.9861032955280065
0.9862176724502596,0.9861025989740938
0.9862260088133596,0.9861109003868603
0.9862430323748048,0.9861277638532647
0.9862708725839748,0.9861551536207277
0.9863005321995568,0.9861308638446962
0.9863391966497308,0.9861640783807901
0.9863980588096506,0.9862209742111042
0.9864822299662552,0.9863023280852449
0.986566437534634,0.9863829809380288
0.986648630281446,0.9864610495112821
0.9867362596995284,0.9865440451880237
0.986857223211398,0.9866402664492712
0.9869436784836424,0.9867427888710569
0.9869849216257596,0.9867769790395489
0.987062566204267,0.9868495183573044
0.9871996005851276,0.9869807466907529
0.987302646837127,0.9870778122920064
0.9873736475527908,0.9871430987281732
0.9874117878424128,0.9871761699129997
0.9874640199398356,0.9872237383082372
0.987521974276175,0.9872773282212051
0.987557514751281,0.9873090047330821
0.9875611884498656,0.9873096338802541
0.9875123654741996,0.9872592119642062
0.9874036683761496,0.9871511196199898
0.9872946475480484,0.9870437106728752
0.9872418123703904,0.9869933321309122
0.9872424427193324,0.9869962617571459
0.9872583137998616,0.9870141392371964
0.987276710825318,0.9870341002048779
0.9873221012435124,0.9870801081372833
0.9875327352672792,0.9872883316124131
0.9877270446924412,0.9874777771734325
0.9886096779407753,0.9883665728878196
0.9885513038708892,0.9882944657879797
0.9886275471253846,0.988390049852327
0.9886233320588232,0.9883787578787075
0.9880716607436916,0.9878241969773844
0.9886390656928968,0.9883840424060907
0.989496102672736,0.9891668492791009
0.9894475175894112,0.989102780831521
0.9879590566908076,0.9876237060141785
0.987634794909049,0.9873133285876778
0.9876061791242212,0.987297589827785
0.9879975144364098,0.9876953061741547
0.9884644787724542,0.9881615781961716
0.9878285066392086,0.9875327882657517
0.9880045475924925,0.9877134031651653
0.9875932089745022,0.9873111204528418
0.987451984474432,0.9871777431060124
0.9874103570830952,0.9871415481000738
0.9874024092658228,0.9871384452063021
0.987425287064322,0.9871655192869835
0.9874371179030452,0.9871811639775135
0.9874806736055084,0.9872271835848376
0.987539237100229,0.9872860468900863
0.987645387471432,0.9873907340503572
0.9877444198750056,0.9874865278909929
0.987791562485742,0.9875300549582966
0.9878170505894868,0.9875520709326905
0.9877887260016996,0.9875212263783231
0.9877538395185548,0.9874848042730833
0.9881778000420112,0.9879021628096426
0.9889017048546408,0.9886106039127465
0.987768202047922,0.9874790368889692
0.9878992948426678,0.9876105264429097
0.987878961797178,0.9875913579811275
0.9878642954384432,0.98757818898595
0.9887924368703904,0.9884953976475863
0.9886889907262376,0.9883841041882272
0.9880119262922318,0.9877094404256151
0.9880830487980518,0.9877823979048087
0.9881890114006004,0.9878887285797799
0.9885039862202264,0.988198765828561
0.9890749159550384,0.9887579291441926
0.9884349479906652,0.9881169953193205
0.9882730147609408,0.9879567250094814
0.9885375945007768,0.9882202474331631
0.9897125450996728,0.9893777137526862
0.9915019236044824,0.9911250466340753
0.9904123699104924,0.9900149733596975
0.9898212771687844,0.9894148328132308
0.9884975825176968,0.9881028358427428
0.9883260438372706,0.9879450209085203
0.98821284228628,0.9878463519343167
0.988577262312012,0.988217411937957
0.9888106673325504,0.9884555130297218
0.9882913834146289,0.9879492064056986
0.9880904354241354,0.987762163814223
0.9880136740844744,0.9876955104474947
0.9879261096944704,0.9876152720525463
0.9879066604989776,0.9876008327998457
0.987984926627526,0.9876821116390407
0.9881105878758284,0.9878089048326912
0.9882166197144896,0.9879146270049924
0.988382656833367,0.9880776407350395
0.98838561351154,0.9880768577877271
0.9882433286237248,0.9879328143772919
0.9907462213536256,0.9903989864150367
0.9908212667652212,0.9904417570804933
0.9886520111731116,0.9882745015472353
0.987639450698837,0.9872783181627832
0.9874863041484953,0.9871430231524597
0.9874036729872188,0.987078323343736
0.9874793946324392,0.9871695499103438
0.9875124451687086,0.9872163805175969
0.9879373057152016,0.9876478015707945
0.9910787621854376,0.9907520352914971
0.9892371895296934,0.9889009837148288
0.99064251712813,0.9902729065042625
0.990872506498226,0.9904707621764197
0.9911119879586452,0.9906790898684814
0.9910754080176106,0.99061759433605
0.9911439752758952,0.9906657557329289
0.9909487760238852,0.9904555481398173
0.9909563336146864,0.9904535477211167
0.9909917921566058,0.9904841217389329
0.9910348090380328,0.9905213360982968
0.9911637032050724,0.9906458021775497
0.9913283859903272,0.9908047347888076
0.991460418281152,0.9909301096532174
0.9914115035127976,0.9908761686702376
0.9898881267222218,0.9893716336904433
0.989730290864814,0.9892326853241326
0.9895955857193548,0.9891170998149131
0.9885579480001524,0.988110998214324
0.9884407334691412,0.9880225156057564
0.9884951765854946,0.9881009962070987
0.9887511874289416,0.9883754186056304
0.98857880269551,0.9882151918748894
0.9884392103578384,0.9880872594592082
0.988371893395952,0.988027810440673
0.9882404182514166,0.987903484894667
0.9882364405355724,0.9879047295342773
0.9881515474541304,0.9878240127131674
0.9881106448134362,0.9877872587800887
0.9883574814171794,0.9880343826321134
0.989049043117358,0.9887160766240017
0.9884353556077768,0.9881020939024542
0.9874044890920916,0.9870847723451674
0.9873244180351884,0.9870175082282383
0.9878560793669444,0.9875529850270478
0.9879682417177824,0.9876671403472735
0.9899091176885229,0.9895815580300455
0.991149631172547,0.9907805606074783
0.9912971528181098,0.9908895048479206
0.9912456673135424,0.9908048623371107
0.9912002491324642,0.9907305633378714
0.9912143939338944,0.9907200308336674
0.991236117646452,0.9907227698699349
0.991254739420916,0.9907282966444305
0.991270812188398,0.9907364766231892
0.991283697381582,0.9907467659796716
0.9912857287069222,0.9907480315054462
0.9912738215778596,0.9907358788952805
0.9912618359914028,0.9907237177571575
0.9912549631930698,0.9907167904638404
0.9912269454308736,0.9906892397907341
0.9907629998297086,0.9902326141506713
0.9895631439286507,0.9890577083662107
0.9883820975092392,0.9879146200392053
0.9882391844182932,0.9878068874753675
0.9886765609095036,0.9882684746313923
0.9897433107850168,0.9893397389952716
0.9914367399729526,0.9910103999917803
0.9917089258345028,0.9912562880017356
0.9917953362125076,0.9912618085161281
0.9917850987370236,0.9912268280757424
0.991769563073432,0.9911882763101385
0.9917172372614912,0.9911172888007996
0.9916880548933223,0.9910751776861237
0.9916916660795528,0.9910716980184991
0.9917072457197093,0.9910840491344811
0.9916059287062674,0.9909826711363037
0.991623668125986,0.9910003393678586
0.9916398044605272,0.9910160747832201
0.9917264742993782,0.9911009970421757
0.9918133868478676,0.9911235084600287
0.991848715187561,0.99107575285528
0.9918426699078096,0.9910056176238429
0.9921250871021644,0.9912960026760065
0.9921884090187022,0.9913300040803755
0.9922711290162656,0.9914010919784821
0.9921034355504664,0.9912323497248455
0.992043316165228,0.9911728751325698
0.9923024629894522,0.9914266864118313
0.9925525052372136,0.9916829514527474
0.9928965294596256,0.9919908962604751
0.9930393107178326,0.9920960215678334
0.9929598133158628,0.9920065742691361
0.992444604279805,0.9914937729470666
0.9926134256709986,0.9916626828668675
0.9927914652311391,0.991837633352201
0.9926758523332018,0.9917271052241742
0.9925733185111808,0.9917042353322578
0.992515413415414,0.9917163463403684
0.9924470417742636,0.9917034906637854
0.992453070948642,0.9917357289590611
0.9925685391949722,0.9918512423168235
0.9927474329378502,0.9920175404014174
0.9928075425062832,0.9920665267231087
0.990691967121172,0.9900090376047632
0.9885926090401655,0.9879867371296752
0.9885982079502798,0.9880618795063345
0.988884537369145,0.9884038564545307
0.9884988871601132,0.9880602618210067
0.9882272808819405,0.9878290424922165
0.98807649044323,0.9877128399233068
0.9879161445244438,0.9875806148404114
0.9878671905555582,0.9875509200435696
0.987876976667012,0.9875695754000108
0.9879518789009348,0.9876455350563994
0.9879788282599468,0.987673390334744
0.9892261779904992,0.988896524838647
0.9930635915363624,0.9926111214261466
0.9932938072544226,0.9927647489694855
0.993293253458208,0.9926836065783275
0.9932219115272224,0.9925485708825048
0.9932213475329298,0.9924996667413899
0.993240085481618,0.9924820510482013
0.9931322771211551,0.9923510158050896
0.9923184911803324,0.991542978324631
0.9891881909769464,0.9884930579155354
0.9884083887396244,0.9878067540559274
0.9883943197532584,0.9878736221792993
0.9886281120758316,0.9881664568410988
0.9887084371645064,0.9882847405788829
0.9886822758627892,0.9882860927474031
0.9887713077493488,0.9883960931676288
0.9908351155685724,0.990429424216697
0.9913673683660914,0.990914576606042
0.9891676865233268,0.9887134988548859
0.9888930607047732,0.988445507641776
0.987999032969584,0.9875818707483701
0.9877141340974456,0.9873293951852887
0.9876613372874028,0.98730334777627
0.9878030628365886,0.9874648089287877
0.9880996760337132,0.9877727116253714
0.9897256302777164,0.9893743538013842
0.9878665654660972,0.9875295275947831
0.9876505688823402,0.9873273447045291
0.9878064586592958,0.9874878901659545
0.9888845172410968,0.9885474259404237
0.9925470528810596,0.992115494648708
0.9931289807550584,0.992584430203401
0.9885678328459132,0.9880660592320848
0.9896838187592848,0.9891810649468171
0.987765027947275,0.9873060396391011
0.9876555809861508,0.9872382074085876
0.9878297044586432,0.9874430561148763
0.987899538710484,0.987538489715512
0.9882947455840088,0.9879474294297387
0.9921492354875032,0.9917356606177143
0.9932351165644444,0.9927320167438143
0.993353426104888,0.9927616736495979
0.9932998131915934,0.9926353242154868
0.9934910097108236,0.9927619964175293
0.98997398981808,0.9892751053011378
0.9916008675383507,0.9909013486986845
0.9891057678753044,0.9884652972255107
0.9881164248268564,0.9875540976745509
0.9878840643265064,0.9874008910829615
0.9876394142611024,0.9872256017148867
0.98760162534197,0.9872399932974163
0.9875713937846186,0.9872474921277128
0.9876037163835462,0.9873040481725706
0.9878187836254356,0.9875269759913289
0.9881362573519926,0.9878423696932941
0.9892144313343592,0.988892751131814
0.9923140867357266,0.9918972112150595
0.9922346790639394,0.9917356874281463
0.9922900891318092,0.9917236351640261
0.9925652876293642,0.9919400765958788
0.9905884399864604,0.989962342596979
0.9883651675892684,0.9877903474883587
0.9880787231834168,0.9875592550814711
0.9881812981054912,0.9877133540673276
0.99002034539136,0.9895570027023528
0.993312662157899,0.9927805421678857
0.9934090411083232,0.9928095899047155
0.9934061540756592,0.9927468449699958
0.9933022348172617,0.9925934311760366
0.993250068277158,0.9924982223815368
0.9932114055358074,0.9924242946807833
0.9932716709851472,0.9924584449759437
0.9924174021327656,0.9916099094429567
0.9876717774629876,0.9869811649259181
0.9875710667447384,0.9869914483243327
0.9877413800738452,0.987251943021061
0.9879341829839016,0.9875112922557381
0.9881057718384892,0.9877272475284199
0.988168277645988,0.9878195670377089
0.98795455747548,0.987629713018928
0.9878348680152804,0.9875254414465258
0.9878124052368712,0.9875084703159762
0.9878156296545408,0.9875082483090569
0.9878428296470898,0.9875330073812956
0.9878714800977788,0.9875602288037388
0.9879088059471126,0.9875965520613623
0.9883783970271202,0.9880583404686271
0.9915276532131786,0.9911287555272458
0.9935048673974808,0.9929893538512413
0.9935171684503504,0.9929032088086329
0.991826155144668,0.9911715808674273
0.9884627048626748,0.9878549887361722
0.9880231087868682,0.9874729519501577
0.9879322299826828,0.9874364456967266
0.987864862069839,0.9874204025977419
0.9878356838532788,0.9874364975158456
0.9878297357156016,0.9874708668141169
0.9878333517163268,0.9875058031348946
0.9878804328871572,0.9875706797911153
0.9878669361925346,0.9875630251380916
0.9878459407364124,0.987539741389229
0.987908125803054,0.987598753228587
0.9881012968188122,0.9877865001973567
0.9884477724168362,0.988118109270049
0.9887513373305052,0.9884038635998507
0.9913757860717586,0.9909595272166748
0.9931210754562226,0.9925872583429913
0.9930104203008504,0.9923942746473411
0.992940614901328,0.9922580203625038
0.992937601517298,0.9922039782868736
0.992987570420898,0.992215340646542
0.993031933302919,0.992231025301853
0.9930778218600146,0.9922571756908918
0.9931535033277504,0.9923210299705575
0.9899751892003236,0.9892329648690656
0.9911928241133448,0.99048541649446
0.989801707108322,0.9891545493967853
0.9909164663888984,0.9902946068765129
0.9935834299587964,0.9929152191176824
0.9928056005484014,0.992111739147746
0.99135448341709,0.9906704014108864
0.9938553888681956,0.9931207867744485
0.9940832176074148,0.9932978581840638
0.9894263024820628,0.9887007886439277
0.9887131629107324,0.9880614497960555
0.9889409699542376,0.9883510839765123
0.9919413743661772,0.9913447718942844
0.9916061641030824,0.9910053462773708
0.9904279784425796,0.9898441992271784
0.9917563191563494,0.9911561403122221
0.9914362872748752,0.9908317785077002
0.9929695837420932,0.9923013207608449
0.9910636614569788,0.9903923773979406
0.9936403037995692,0.9929244816333378
0.9934548369231636,0.9926955258057399
0.9927108918850776,0.9919387975175783
0.993156832251307,0.9923635153867911
0.9914712718809264,0.9907020098590863
0.993049559116244,0.9922679875828188
0.992820243393993,0.9920357009485351
0.98996407858112,0.9892414805875247
0.9929507024959384,0.9921867742546567
0.9930290693368682,0.9922491490254403
0.9931570450824572,0.9923539949863311
0.989397576507936,0.9886827028300523
0.9876811550219234,0.9870610894511722
0.9875522684605804,0.9870218225981554
0.9876004878639776,0.9871437798886165
0.9876602008223644,0.9872563233485298
0.9878119781096176,0.9874429989649414
0.9905573493684048,0.9901574825484672
0.9931116471340784,0.9926881486948085
0.9931269828455098,0.9926139994719501
0.9929334950216772,0.9923394646430872
0.992037461523234,0.991395733824693
0.9926484010150374,0.9919666619862856
0.9929554041923296,0.9922314658700434
0.9928918317194232,0.9921408317569307
0.9927023412501296,0.9919403376592764
0.9925466473887684,0.9917895777503046
0.9924592971335372,0.9917121496040372
0.9924395386816226,0.9917006282399687
0.9923943807845034,0.9916611738400293
0.9923517609564296,0.9916226107680123
0.9923227399425558,0.9915986431384334
0.992293299678118,0.9915744260126075
0.9923045234345628,0.9915895479062952
0.992327465289887,0.9916145489544378
0.99232999827951,0.9916179452475288
0.992353172861804,0.991641036095356
0.9923929112901416,0.9916797376613807
0.9924420814126464,0.9917267828269348
0.9924989744341028,0.9917804154707008
0.9923335378309948,0.991614197161232
0.9926067492293412,0.9918833455939978
0.9927880837622676,0.9920571019277394
0.9908121961093656,0.9900944047882495
0.987814816777954,0.9871618906705893
0.9874437054505688,0.9868790523103314
0.9874320815659572,0.9869545087330452
0.9874286898109458,0.9870171001795338
0.9874188381073165,0.9870565528104169
0.9874137637952848,0.9870877970508489
0.9873851296199452,0.9870856106621788
0.9873288476853342,0.9870462164286619
0.9872292201780416,0.9869528141847047
0.9873165375097742,0.9870374316947174
0.9873858758219816,0.9871034803641708
0.9875538637861566,0.9872662984604939
0.9885831142940016,0.9882691214793551
0.992929405367481,0.9924751823195246
0.992792575376855,0.9922331105393697
0.9924107026771946,0.991773418440442
0.9921938922738176,0.9915013113630056
0.992132514153139,0.9914016692250355
0.9921360234393596,0.9913777744903867
0.9921797993095226,0.9914017449698714
0.992260031242926,0.9914693814765928
0.9923250717812288,0.9915325074104893
0.9924137958741732,0.9916230911131527
0.9924916812064176,0.9916997718359476
0.9925858131692296,0.9917889054688025
0.9926726986087,0.9918681739163059
0.9927434282348544,0.9919304444764597
0.9928131087698596,0.9919917182137348
0.9928183227525276,0.991990097305366
0.99280048553761,0.9919673634326404
0.9928764617897984,0.9920382466781316
0.99294563490385,0.9921020221765671
0.9929686579973273,0.9921202185574856
0.9929439843141604,0.9920922881705591
0.9919226121158536,0.9910936365130015
0.9880806975895016,0.9873808193388165
0.9874261959886178,0.9868305392783724
0.9873133486467124,0.9867582374021696
0.98733964036864,0.9868615779830445
0.9871817158612632,0.9868168951004717
0.9872135492357372,0.986889575585625
0.9871391726048993,0.9868470524616806
0.9870640673953868,0.9867936547466586
0.9870283628162226,0.9867683672223787
0.9871349623508956,0.9868728684168417
0.987470431296728,0.9872008026585729
0.9872699854750124,0.9869971071457224
0.9871901812131636,0.986916175776748
0.9872590442882636,0.9869836459936432
0.9873747507573798,0.9870965047039783
0.9873902434405952,0.987109021375172
0.9894885844290908,0.9891581899390046
0.9903940074089376,0.9900000989033324
0.9878900158462044,0.9874980613821279
0.9877198540164004,0.987339433539052
0.9892027510928108,0.988800747382441
0.989644112818864,0.9892129041426919
0.9894874164869824,0.9890361326379651
0.9905609783779236,0.9900710708530285
0.992456892756314,0.9918936920889802
0.9929335879637302,0.9922786468858864
0.9922209788645644,0.9915255791020438
0.9924559307324412,0.9917167567560656
0.9923205074882014,0.9915538196070178
0.9925798298067132,0.9917898924032714
0.9923670115233632,0.9915663205283377
0.9897602695786664,0.9890358357696274
0.9895586804398688,0.9888908013603217
0.9884466973502772,0.9878568722647997
0.9876058649382627,0.9870984240101571
0.9875961589766638,0.9871557682075891
0.9878595535856176,0.9874684762942262
0.988996736859144,0.9886098878892887
0.9892447853975044,0.9888529121668632
0.9876000773111604,0.987233271600436
0.9885047082138896,0.9881374926408298
0.988658129571325,0.9882810321874269
0.9889971036297412,0.9886036679775956
0.9915390183352408,0.9910697785915324
0.9909457416098476,0.990426346823179
0.9890452330326448,0.988535029892848
0.9883753831122248,0.9878907354230049
0.9877672004914811,0.9873192006799859
0.9873429059195729,0.9869363885857537
0.987045877305798,0.9866811389703647
0.9868137852329602,0.9865386051453011
0.9866616827148604,0.9863779926244476
0.9864958580749604,0.9862410443577814
0.9863596354699022,0.9861306429891948
0.9862391271398032,0.9860282423750358
0.9861275010217316,0.9859311513845457
0.9860332650910716,0.9858487653681067
0.9859774037166564,0.9858030628293969
0.9859112598150886,0.9857458028919663
0.9858608246869388,0.9857012738005436
0.9858226471360896,0.9856686966897787
0.98579605959062,0.9856471054621387
0.985786241816246,0.9856411265335947
0.9857910316991966,0.9856488198293509
0.9857982442657832,0.9856580558691826
0.9858077521613722,0.985668771161714
0.9858299443109594,0.985691283595863
0.9858654775078308,0.9857262022491797
0.9859082806494694,0.9857675232522903
0.985949478629758,0.9858065816718643
0.9860003560944294,0.9858546653777055
0.986054947644202,0.9859058935763984
0.9861392873267636,0.9859859288360701
0.9862817183731808,0.986122290830017
0.9865264031278724,0.9863555399956649
0.9868245314630696,0.9866384802264869
0.9871817515664334,0.9869763153106071
0.9875403601933328,0.9873117066583914
0.9880487344257036,0.9877907506558707
0.9884555203892562,0.9881626404687814
0.9885113458590972,0.9881885773955923
0.987739788096242,0.9874128211701168
0.987569753772202,0.9872471297521409
0.9874985078378008,0.987182221466711
0.9873936259312968,0.9870822235020621
0.9871863374464628,0.9868877047411211
0.9869133052130866,0.9866326102649842
0.9865969684289984,0.9863374165987014
0.9863299054030982,0.9860930059109271
0.986115344155056,0.9859001883517591
0.9859706729843966,0.9857745591742958
0.9858918737916728,0.9857123457608491
0.985853590673174,0.9856877621638416
0.9858403800000628,0.9856850743735238
0.985836751900376,0.9856871148062364
0.9858235357046083,0.985678345540603
0.9857932740095966,0.9856516467842504
0.9857552210873518,0.9856163665073053
0.9857289960785546,0.9855926342740599
0.9857171478883706,0.9855829371388352
0.9857027394859376,0.9856549647347158
0.9856935830119162,0.9857553133523106
0.9857958621439455,0.985809518850833
0.9859915811039172,0.9858983522718495
0.986275800638025,0.9861164511533657
0.9875458642280098,0.9873522895789992
0.990975257203634,0.9907057943211521
0.991407020573666,0.9910668167761356
0.9918509421437718,0.9914477903641811
0.9914304370810182,0.9909795510431084
0.9909735867179422,0.9904900140630722
0.990768909945004,0.9902639129291114
0.9902035197919872,0.9896943904126104
0.9905220059006428,0.9900097533831225
0.989633609339537,0.989139247483452
0.9889832874425788,0.988518582628007
0.9899544058483928,0.9895002931400807
0.9898979016361092,0.9894528625286876
0.9894780723103324,0.9890446814406691
0.989273590757982,0.9888515506182566
0.990077733080678,0.9896523153682554
0.9899281377574536,0.9895008046235355
0.9897432936212948,0.9893160277043606
0.9890198236792328,0.988602133588918
0.9879775409043796,0.9875834864891097
0.9882320476180082,0.9878558283336694
0.988282748041346,0.9879211036340133
0.988706306336012,0.9883499721400288
0.9886186610131102,0.9882683036880111
0.9892349132192932,0.9888806346634132
0.9906584828833634,0.9902767762913325
0.991308098327181,0.9908911700560133
0.9911432476794312,0.9906963357374693
0.9908567170591164,0.9903877446416699
0.9905355138922493,0.9900543128690535
0.990433020104292,0.9899451676814655
0.9903103067798236,0.989820361105832
0.9902734809666696,0.9897848101270188
0.9903475275043876,0.9917155390597928
0.9918077827063568,0.9916702667413413
0.991757609201333,0.991615858416413
0.9916418328359048,0.9914995561918456
0.9916043827567128,0.9914620752000891
0.9916141852186788,0.9914718757053829
0.9916085507599034,0.9914662413169574
0.9915444393381112,0.9914021267546418
0.991443121581206,0.9913008011512248
0.9914464456511592,0.9913041193553969
0.9914389979007984,0.9912966711961451
0.9914393488450656,0.991297021432123
0.9914460097079464,0.9913036822845652
0.9914432154241952,0.9913008879697525
0.9914566937893584,0.9913143664155359
0.9914737745514742,0.9913314482282967
0.9914995697610284,0.9913572446965784
0.9915276399125772,0.9913853170420881
0.991532517009306,0.9913901955163561
0.9915530739622082,0.991410753187347
0.991584704446877,0.9914423857099639
0.991665734539912,0.9915234204978443
0.9917480376264328,0.9916057310420825
0.9917821892068324,0.9916398880910479
0.9917479409317136,0.9916056398321539
0.9916634977507116,0.9915211909507665
0.9915657826398292,0.9914234668803564
0.991497111798222,0.9913547874658233
0.9914494756150918,0.9913071451308831
0.9913513034871576,0.9912089660583179
0.9912635284346728,0.9911211815801663
0.991305108238472,0.9911627575136706
0.9913040398472778,0.9911616910577832
0.9912785377595192,0.9911361875064842
0.9912487236746094,0.9911063703789874
0.9911838061330938,0.9910414482031055
0.9909697877915196,0.9908274177323553
0.990802069357396,0.9906596799043594
0.9910091709027526,0.9908667785074894
0.9904906567152474,0.9903482740105647
0.988395162888184,0.988252683386396
0.9884176910283514,0.9882751300470463
0.9885821156267685,0.988439579460115
0.9888115861785308,0.9886690584493073
0.9890412877806352,0.9888987704054392
0.9890281232009897,0.9888856111878674
0.9889150548929904,0.9887725001554228
0.9888274339846176,0.9886848890294464
0.9888671690280136,0.9887246180423088
0.9889653459986668,0.988822802978747
0.98903850270672,0.9888959671543742
0.989066281476595,0.9889237492220431
0.9890736726242,0.9889311409954095
0.989079471860116,0.9889369402565052
0.9890702698253446,0.9889277370316895
0.989025165818149,0.9888826286591407
0.9889696560176868,0.9888271128293369
0.9891922211001458,0.9890496936130027
0.989814883649454,0.989672371626813
0.9899590087001928,0.9898165330366562
0.9897408670315216,0.9895984217677695
0.989572424644573,0.989429927160363
0.9890484792403396,0.9889059345846555
0.9886295220480512,0.9884869938806407
0.988413574856052,0.9882710019120484
0.988271720588536,0.9881291074799303
0.9881488704993976,0.9880062581300018
0.9879939320624024,0.9878513096013589
0.9879117940940048,0.9877691550272167
0.9878781791449728,0.9877355301149683
0.9878724448310436,0.9877297892881708
0.9878902925237896,0.9877476069488041
0.9879470483553002,0.9878043881825969
0.9882990910188436,0.9881564533067919
0.98855488724256,0.988412278291006
0.988752357007598,0.9886097231681046
0.9888318923634332,0.9886892940857194
0.9889093286472306,0.9887667295308028
0.988970550876489,0.9888279583648638
0.9890455293728408,0.9889029432266615
0.989060460714636,0.9889179134377925
0.9890263592886768,0.9888837863977459
0.9889504922455312,0.9888079189674069
0.9888233937044476,0.9886808084332913
0.9886526521281906,0.988510050092398
0.9884769950712468,0.9883343747463064
0.9883271086349747,0.9881844718444768
0.9881957228084922,0.9880531128285744
0.9880844225650472,0.9879417792776225
0.9879658513443346,0.9878232045351393
0.9878623965039154,0.9877197399960556
0.9877491877409548,0.9876065204890029
0.9876478792066402,0.9875052011534788
0.9875672044577616,0.9874245166406842
0.9875061884619576,0.9873634593391157
0.9874588339473692,0.9873161209173008
0.987420720504246,0.9872779965057934
0.9873910355001656,0.9872483077212012
0.9873691815218896,0.9872264508805628
0.9873544627780738,0.9872117300637823
0.9873492006004,0.9872064667660797
0.987349813565897,0.9872070793445453
0.9873493456408566,0.9872066111153655
0.987345767288787,0.987203032189523
0.9873411949443752,0.9871984591112224
0.9873358669422904,0.9871931302912359
0.9873329988459044,0.9871902615561359
0.9873352498924024,0.9871925124414571
0.9873337639766824,0.9871910262129934
0.987327232093592,0.9871844935186873
0.987325270456692,0.987182531297424
0.9873267596623294,0.9871840203197901
0.9873332019946612,0.9871904629613536
0.9873389414075892,0.9871962027681458
0.9873445544221644,0.9872018161499836
0.9873643482078504,0.9872216114280397
0.9874124494215206,0.9872697167705686
0.9874820272311482,0.9873393011911934
0.9875742519106372,0.9874315348620468
0.9876786900046052,0.9875359835170857
0.98780079494017,0.9876581007259917
0.9879321061304882,0.987789171874445
0.9880031353220458,0.9878606041402329
0.9883231089623392,0.988180409460757
0.9881098874913754,0.9879672217845702
0.9879967636899856,0.987854084509121
0.9880047410545209,0.9878620599347123
0.9879609268239298,0.9878182428380586
0.9878871602523108,0.9877444696840062
0.9878329774910768,0.9876902810769627
0.9877980321130474,0.9876553318767249
0.9877818623699376,0.9876391603041271
0.987765214507971,0.9876225110733382
0.98773908968145,0.987596384115828
0.9877114562411616,0.9875687481692705
0.9876889267311018,0.9875462165114606
0.9876567546191126,0.9875140416237878
0.9876250094579486,0.9874822934593448
0.9875964746946936,0.9874537559529121
0.9875608309802164,0.9874181090175507
0.9875281820366084,0.9873854568947413
0.9875041356917414,0.9873614081279924
0.9874847080179734,0.9873419786315779
0.9874659662882136,0.9873232352589475
0.987441518265363,0.9872987851595171
0.9874241649262,0.9872814301494485
0.9874129215895858,0.9872701858259374
0.9873981636736492,0.9872554267676359
0.9873853060509382,0.9872425680881471
0.9873969278194282,0.9872541907902657
0.9874313678939892,0.9872886342810763
0.987379244820254,0.9872365083920189
0.987363451176781,0.987220712435627
0.9873641772959948,0.9872214385391008
0.9873818546514664,0.9872391176820224
0.987425751321648,0.9872830186884033
0.9874849700869416,0.987342243724092
0.9875479502564608,0.9874052308763877
0.9875864174547784,0.987443703208236
0.9875823972221356,0.9874396840738385
0.9875578508488648,0.9874151360192908
0.9875239627805624,0.9873812449673819
0.9874788933997748,0.9873361714597051
0.9874387489673196,0.9872960229788073
0.9874116158301168,0.9872688869535503
0.9873921204755892,0.9872493896703788
0.9873727236923104,0.987229991176284
0.9873594458808368,0.987216712142254
0.9873547796048612,0.9872120454944621
0.987352020383116,0.9872092862893574
0.9873479243236476,0.987205190195687
0.9873431444495948,0.9872004101971991
0.987338326348004,0.9871955919496576
0.9873358096789084,0.9871930753185508
0.98733607947234,0.9871933454383598
0.9873426248233108,0.9871998917027273
0.9873467155908908,0.9872039833217034
0.987353076876074,0.9872103455377602
0.9873533789407596,0.9872106481554593
0.9873584776028806,0.9872157475771105
0.9873784551679694,0.9872357272143467
0.9873885419894056,0.9872458158228523
0.9873900798978638,0.9872473545711203
0.9874025379521963,0.9872598140961458
0.9874236226797568,0.9872809012769762
0.9874342722725632,0.98729155273402
0.9874400898776916,0.9872973715351996
0.9874331591775204,0.9872904408871134
0.987411137619911,0.987268417836811
0.9873830518288332,0.9872403296573765
0.9873587579825098,0.9872160335522938
0.9873357661127976,0.9871930396298683
0.9873143992183924,0.9871716708460182
0.987296316089439,0.9871535861326808
0.9872839993240704,0.9871412683303518
0.9872772276058636,0.9871344961745079
0.9872731271756284,0.9871303956730625
0.9872687638447064,0.987126032324584
0.9872611690257188,0.9871184407048093
0.9872562111917405,0.9871133666680038
0.9872496633373864,0.9871068182800999
0.9872447915477324,0.9871019463615353
0.9872407566171226,0.9870979114185711
0.9872375759747222,0.987094730854335
0.9872348588285226,0.9870920138477035
0.9872330798680616,0.987090235114369
0.9872304731350834,0.9870876285684738
0.9872278853037078,0.9870850409034022
0.9872258987780428,0.9870830545916334
0.9872234706014104,0.9870806266111316
0.9872213667607272,0.987078522980038
0.9872193877716554,0.9870765442199141
0.9872085297445998,0.9870656857200412
0.987208379001999,0.9870655351075516
0.9872083789977486,0.9870655355417978
0.9872083808757484,0.9870655378650836
0.987208382768066,0.9870655402029658
0.9872083846537748,0.9870655425336659
0.9872083865366698,0.9870655448621799
0.9872083884130632,0.9870655471836605
0.9872083902864428,0.9870655495027144
0.987208392152738,0.9870655518139934
0.98720839401799,0.987065554125498
0.9872083958758744,0.9870655564289147
0.9872083977281318,0.9870655587266258
0.9872083995756749,0.9870655610199502
0.987208401419241,0.9870655633101252
0.9872084032565476,0.9870655655948342
0.987208405082179,0.9870655678675496
0.9872084069158436,0.9870655701423171
0.9872084087457283,0.9870655724162337
0.987208410577398,0.9870655746931177
0.9872084124051832,0.9870655769655796
0.9872084142329118,0.9870655792387089
0.9872084160577334,0.9870655815087716
0.9872084178797382,0.9870655837759125
0.9872084197010144,0.9870655860429045
0.9872084215180672,0.987065588305143
0.9872084233343243,0.9870655905671833
0.9872084251469752,0.987065592825312
0.9872084269568489,0.9870655950806494
0.9872367727251564,0.987093942907445
0.9872368530888358,0.9870940249235914
0.9872368591686088,0.9870940323605116
0.9872368645474088,0.987094039094747
0.9872368698891112,0.9870940457942434
0.9872368752082832,0.9870940524696924
0.9872368805101231,0.9870940591392499
0.987236885820474,0.9870940658291788
0.9872368912160334,0.9870940725977358
0.9872368966469826,0.9870940794065521
0.9872369021115168,0.9870940862502106
0.987236907608846,0.9870940931286393
0.98723691313606,0.987094100038925
0.9872369186894248,0.9870941069769733
0.987236924268532,0.9870941139429728
0.9872369298695148,0.9870941209324904
0.9872369354890522,0.9870941279417407
0.9872369411299992,0.9870941349750255
0.9872369467867408,0.9870941420254474
0.9872369524595624,0.9870941490938292
0.9872369581469582,0.987094156178603
0.9872369638457856,0.9870941632759972
0.9872369695560697,0.9870941703863984
0.987236975277284,0.9870941775094204
0.9872369810096128,0.9870941846456018
0.9872369867493768,0.9870941917903474
0.9872369924965604,0.9870941989438803
0.9872369982502504,0.9870942061052
0.9872370040097624,0.9870942132743918
0.9872370097756812,0.9870942204500761
0.9872370155461258,0.9870942276322245
0.9872370213189,0.9870942348160762
0.9872370270942548,0.9870942420043991
0.9872370328719314,0.9870942491951172
0.9872370386477524,0.9870942563850905
0.9872370444256132,0.9870942635776889
0.9872370502006754,0.9870942707687695
0.9872370559757584,0.9870942779610588
0.9872370617499276,0.9870942851534156
0.987237067518976,0.9870942923406291
0.9872370732880912,0.9870942995296458
0.9872370790519212,0.9870943067135028
0.9872370848145452,0.9870943138976398
0.9872370905731188,0.9870943210783689
0.9872370963271726,0.9870943282551139
0.98723710207827,0.9870943354299784
0.9872371078263744,0.9870943426029328
0.9872371135693844,0.9870943497712305
0.9872371193079972,0.987094356935804
0.9872367036086824,0.9870943640965064
0.9872357939065516,0.9870943712553673
0.9872352047682876,0.9870942594732794
0.9872348750919164,0.9870931987897199
0.9872347039685232,0.9870924848473779
0.9872345977890362,0.9870920964521855
0.9872345311475648,0.9870918835616805
0.9872344742491522,0.9870917638075172
0.9872344277405068,0.987091692482533
0.987234384438875,0.9870916333034658
0.9872343452762432,0.9870915878228983
0.9872343070288696,0.9870915534686648
0.9872342734668244,0.98709152193779
0.987234246814246,0.9870914928956734
0.9872342201390784,0.9870914669786924
0.9872341969165888,0.9870914425669831
0.9872341717083952,0.9870914187861931
0.987234144810742,0.9870913955664522
0.9872341227790428,0.9870913730971533
0.9872340990502246,0.9870913482237067
0.9872340735391452,0.9870913250651292
0.9872340517245036,0.9870913006078821
0.9872340298987838,0.9870912778628459
0.9872340037570464,0.9870912546190982
0.9872339799936668,0.9870912337563539
0.9872339563882808,0.987091208931292
0.987233932949151,0.9870911882756925
0.9872339148066784,0.9870911675788298
0.9872338900701186,0.9870911453910368
0.98723386531267,0.9870911247033711
0.9872338461737632,0.9870910989076945
0.9872338260409088,0.9870910811664918
0.9872338039336084,0.9870910584512027
0.9872337801359052,0.9870910399132203
0.987233760025536,0.9870910194835402
0.987233741124754,0.9870909955233247
0.9872337174334332,0.9870909773670231
0.9872336981958896,0.987090959637552
0.9872336761997312,0.987090937964569
0.987233658815444,0.987090916828115
0.9872336355670248,0.9870908992851366
0.9872336164327482,0.9870908798537847
0.9872335978805185,0.9870908580181451
0.9872335769872684,0.9870908398296686
0.987233560114636,0.9870908227492082
0.9872335384925772,0.9870908024968892
0.9872335180348468,0.987090785892153
0.9872335030736766,0.9870907683171283
0.9872334839444096,0.9870907471324526
0.9872334648373344,0.987090729798513
0.9872334427749344,0.9870907139675414
0.9872334293338216,0.9870906922838643
0.9872334088774168,0.9870906764577431
0.987233389412221,0.9870906599655551
0.9872333759331255,0.9870906467674168
0.9872333539879404,0.9870906261148628
0.9872333388388496,0.9870906094482471
0.9872333222384408,0.9870905943160792
0.9872333043239214,0.9870905753762836
0.9872332873436358,0.9870905603408182
0.9872332697301964,0.9870905442414245
0.9872332561990504,0.9870905245711155
0.9872332350075822,0.9870905124185002
0.9872332195204564,0.9870904948925625
0.9872332036354532,0.987090477130578
0.9872331904593584,0.9870904638567148
0.9872331742312628,0.9870904507019937
0.9872331553245692,0.9870904332569386
0.9872331395472644,0.9870904185282652
0.9872331250190448,0.9870904003068774
0.987233110197312,0.9870903881167818
0.9872604523649502,0.9871177297167133
0.9872594911546974,0.987116770227765
0.9872590726427536,0.9871163566112825
0.9872589034584556,0.9871161802437303
0.9872588189709708,0.9871160986994668
0.9872587693487072,0.9871160486759135
0.9872587290169524,0.9871160125606637
0.9872586955838816,0.9871159823218582
0.9872586688268749,0.9871159464551923
0.9872586450005988,0.9871159217702445
0.987258611176286,0.9871158952263562
0.9872585851474016,0.9871158681254413
0.987258559022802,0.9871158407294661
0.9872585308709232,0.9871158146153914
0.987258500995257,0.9871157914118723
0.9872584797086944,0.9871157588274374
0.9872584528966002,0.9871157376300098
0.987258424445448,0.9871157124403342
0.9872584016999564,0.9871156863787373
0.9872583761307636,0.9871156633042296
0.9872583535035284,0.9871156379821927
0.987258326960269,0.9871156097136284
0.9872582981573926,0.9871155892185275
0.987258276172156,0.9871155645008602
0.9872582568024428,0.9871155384699905
0.9872582294277982,0.9871155243246705
0.9872582040748163,0.9871154959264018
0.9872581887518778,0.9871154685266952
0.9872581627706204,0.9871154493942548
0.987258135882738,0.9871154273223627
0.987258117437086,0.9871154049606318
0.9872580956636918,0.9871153886402312
0.9872580742867612,0.9871153630648075
0.9872580487557456,0.9871153432749107
0.9872580286777694,0.9871153198009815
0.9872580085675244,0.9871152973874004
0.9872579891162074,0.9871152833142434
0.9872579669000928,0.9871152579763258
0.9872579426085382,0.9871152407091649
0.9872579300781223,0.987115219475121
0.9872579095813676,0.9871151979642465
0.9872578798257964,0.9871151829057561
0.9872578648106992,0.9871151580084448
0.9872578479529162,0.9871151401669319
0.9872578294728056,0.9871151206499263
0.9872578085580556,0.9871151063771267
0.9872577882421832,0.9871150876061974
0.9872577697765846,0.987115064091833
0.9872577526212052,0.9871150507175943
0.9872577375341868,0.987115027651554
0.9872577154168668,0.9871150107143738
0.9872576945875504,0.9871149953030199
0.9872576791477746,0.9871149747020255
0.9872576635348446,0.9871149583584765
0.9872576464250872,0.9871149448553677
0.9872576265892824,0.9871149245670144
0.9872576123710916,0.9871149038648592
0.9872575951784704,0.9871148900587542
0.987257576792676,0.9871148759259356
0.9872575547656788,0.9871148546502124
0.9872625019538964,0.9871197986746258
0.987262375573658,0.9871196691244493
0.9872623120296632,0.9871196070154302
0.9872622782227972,0.9871195752015108
0.9872622599952688,0.9871195550495112
0.987262247042402,0.9871195410238591
0.987262232027346,0.9871195262362179
0.9872622274794683,0.987119513788111
0.987262211412766,0.9871195030517388
0.9872621982031416,0.9871194934139387
0.98726219163789,0.9871194845484843
0.9872621798464576,0.9871194692229803
0.9872621746611852,0.9871194599661177
0.987262163211272,0.9871194488063469
0.9872621525832364,0.9871194367021935
0.9872621416021848,0.9871194319176748
0.9872621340423572,0.9871194236171366
0.9872621263249772,0.9871194107225765
0.987262119044242,0.9871194024184171
0.9872621084338864,0.987119394361537
0.9872620974794164,0.9871193824803473
0.9872620916674169,0.9871193737636454
0.9872620845037012,0.9871193668745163
0.9872620755568192,0.9871193596624094
0.9872620637471046,0.9871193525630536
0.9872620639409412,0.9871193399207951
0.9872620543283912,0.987119335253337
0.9872620438399452,0.987119323495617
0.987262043324003,0.9871193184332533
0.9872620285024192,0.9871193099110324
0.9872620233817244,0.9871193024525501
0.98726202283775,0.9871192978126773
0.987262010963722,0.9871192856657593
0.9872620027964736,0.9871192796614944
0.9872619984689116,0.9871192748234048
0.9872619965632596,0.9871192720284448
0.987261989206268,0.9871192614192533
0.9872619824834616,0.9871192541443577
0.9872619741284986,0.9871192516384983
0.9872619694277036,0.9871192430581238
0.987261966429236,0.987119234210021
0.987261958863286,0.9871192321929005
0.9872619523414624,0.9871192250026749
0.987261951127246,0.98711921888124
0.9872619443076424,0.9871192130833302
0.9872619383970006,0.987119209350165
0.9872619330874118,0.9871192011288779
0.9872619281753028,0.9871191989548997
0.9872619246816328,0.9871191957446394
0.9872619211294966,0.9871191856425933
0.9872619190480144,0.9871191817197343
0.9872619119852908,0.9871191804115736
0.9872619084100608,0.987119175079678
0.98726190432907,0.987119164741671
0.9872619009804524,0.9871191642780913
0.9872618925438552,0.987119161996709
0.9872618902119716,0.9871191543939469
0.987261890920436,0.9871191501637702
0.9872618854099744,0.9871191478364432
0.9872618835236868,0.9871191391007019
