Date/Time,PV.Minute.PU,BAT.Minute.PU,baseline heating setpoint (C),baseline cooling setpoint (C),base LED intensity (-)
 06/29  00:01:00,-0.0011411069853969,0.0,18,20,0.5
 06/29  00:02:00,-0.0011379458985275,-1.5805434346999585e-06,18,20,0.5
 06/29  00:03:00,-0.0011474367215445,5.273519721533254e-06,18,20,0.5
 06/29  00:04:00,-0.0011379610233451,-3.1516338584000776e-06,18,20,0.5
 06/29  00:05:00,-0.0011379610233451,-2.5213070867201055e-06,18,20,0.5
 06/29  00:06:00,-0.0011379685857539,-2.094787231600014e-06,18,20,0.5
 06/29  00:07:00,-0.0011379610233451,-1.8020139774858022e-06,18,20,0.5
 06/29  00:08:00,-0.0011379685857539,-1.5701451225999183e-06,18,20,0.5
 06/29  00:09:00,-0.0011379685857539,-1.3956845534221496e-06,18,20,0.5
 06/29  00:10:00,-0.0011379685857539,-1.256116098079978e-06,18,20,0.5
 06/29  00:11:00,-0.0011379685857539,-9.422761337797743e-07,18,20,0.5
 06/29  00:12:00,-0.0011379685857539,-9.445448564198659e-07,18,20,0.5
 06/29  00:13:00,-0.0011379610233451,-4.5374452801831555e-09,18,20,0.5
 06/29  00:14:00,-0.0011379610233451,-4.5374452801831555e-09,18,20,0.5
 06/29  00:15:00,-0.0011379610233451,-4.5374452801831555e-09,18,20,0.5
 06/29  00:16:00,-0.0011379610233451,-3.78120440015263e-09,18,20,0.5
 06/29  00:17:00,-0.0011379534609363,-1.0587372319993682e-08,18,20,0.5
 06/29  00:18:00,-0.0011379534609363,-9.07489056014947e-09,18,20,0.5
 06/29  00:19:00,-0.0011379610233451,-7.562408800305259e-10,18,20,0.5
 06/29  00:20:00,-0.0011379685857539,6.806167920057893e-09,18,20,0.5
 06/29  00:21:00,-0.0011379685857539,6.806167919841052e-09,18,20,0.5
 06/29  00:22:00,-0.0011379761481627,1.3612335839898945e-08,18,20,0.5
 06/29  00:23:00,-0.0011379837105714,1.8906021910123846e-08,18,20,0.5
 06/29  00:24:00,-0.0011379912729802,2.344346720006482e-08,18,20,0.5
 06/29  00:25:00,-0.0011379912729802,2.0418503689917378e-08,18,20,0.5
 06/29  00:26:00,-0.0011379912729802,1.7393540179986774e-08,18,20,0.5
 06/29  00:27:00,-0.0011379912729802,1.3612335790025645e-08,18,20,0.5
 06/29  00:28:00,-0.0011379837105714,3.0249634800066233e-09,18,20,0.5
 06/29  00:29:00,-0.0011727556661347,3.129551624782008e-05,18,20,0.5
 06/29  00:30:00,-0.0012075351841068,5.911837438462978e-05,18,20,0.5
 06/29  00:31:00,-0.0012644347477558,0.00010337132183344021,18,20,0.5
 06/29  00:32:00,-0.0012644423101646,9.073226804204998e-05,18,20,0.5
 06/29  00:33:00,-0.0011727707909523,-4.417959208339976e-06,18,20,0.5
 06/29  00:34:00,-0.0011569729190141,-2.2113995749929814e-05,18,20,0.5
 06/29  00:35:00,-0.0011538118321447,-2.6857138535779992e-05,18,20,0.5
 06/29  00:36:00,-0.0011569804814229,-2.558741010185014e-05,18,20,0.5
 06/29  00:37:00,-0.0011474972208147,-3.602126549350003e-05,18,20,0.5
 06/29  00:38:00,-0.0012992369529542,9.959314240771977e-05,18,20,0.5
 06/29  00:39:00,-0.0013276942971875,0.00011255662353573995,18,20,0.5
 06/29  00:40:00,-0.0013371775577957,0.0001090756467750499,18,20,0.5
 06/29  00:41:00,-0.001356144079012,0.00011887123486572994,18,20,0.5
 06/29  00:42:00,-0.0013687959888983,0.0001210877768786599,18,20,0.5
 06/29  00:43:00,-0.0014984081129521,0.0002181361687324801,18,20,0.5
 06/29  00:44:00,-0.0015173746341684,0.00020106251843334997,18,20,0.5
 06/29  00:45:00,-0.0015173746341684,0.00016470623823098,18,20,0.5
 06/29  00:46:00,-0.0015173746341684,0.00012866682295643015,18,20,0.5
 06/29  00:47:00,-0.0015173821965772,9.16858877889799e-05,18,20,0.5
 06/29  00:48:00,-0.0015173821965772,6.987136342668002e-05,18,20,0.5
 06/29  00:49:00,-0.0015173821965772,5.090257348771003e-05,18,20,0.5
 06/29  00:50:00,-0.0015173821965772,3.2882109609560064e-05,18,20,0.5
 06/29  00:51:00,-0.0015173821965772,1.675829785303994e-05,18,20,0.5
 06/29  00:52:00,-0.0015173821965772,1.8996770851499676e-06,18,20,0.5
 06/29  00:53:00,-0.0015173821965772,2.2687226400915778e-09,18,20,0.5
 06/29  00:54:00,-0.0015173821965772,1.5124817600610518e-09,18,20,0.5
 06/29  00:55:00,-0.0015173821965772,7.562408800305259e-10,18,20,0.5
 06/29  00:56:00,-0.0015173821965772,0.0,18,20,0.5
 06/29  00:57:00,-0.001517389758986,6.806167920057893e-09,18,20,0.5
 06/29  00:58:00,-0.001517389758986,6.049927040027367e-09,18,20,0.5
 06/29  00:59:00,-0.001517389758986,5.293686159996841e-09,18,20,0.5
 06/29  01:00:00,-0.001517389758986,4.5374452801831555e-09,18,20,0.5
 06/29  01:01:00,-0.001517389758986,3.78120440015263e-09,18,20,0.5
 06/29  01:02:00,-0.001517389758986,3.0249635201221037e-09,18,20,0.5
 06/29  01:03:00,-0.001517389758986,2.2687226398747373e-09,18,20,0.5
 06/29  01:04:00,-0.001517389758986,1.5124817600610518e-09,18,20,0.5
 06/29  01:05:00,-0.001517389758986,7.562408800305259e-10,18,20,0.5
 06/29  01:06:00,-0.001517389758986,0.0,18,20,0.5
 06/29  01:07:00,-0.001517389758986,0.0,18,20,0.5
 06/29  01:08:00,-0.0015142286721166,-2.8449781824598386e-06,18,20,0.5
 06/29  01:09:00,-0.0015142286721166,-2.528869495519977e-06,18,20,0.5
 06/29  01:10:00,-0.0015047454115084,-1.0747695355960065e-05,18,20,0.5
 06/29  01:11:00,-0.0015047454115084,-9.483260608199968e-06,18,20,0.5
 06/29  01:12:00,-0.0015047454115084,-8.218825860439871e-06,18,20,0.5
 06/29  01:13:00,-0.0015079064983778,-4.1094129302201524e-06,18,20,0.5
 06/29  01:14:00,-0.001517389758986,5.373847677979816e-06,18,20,0.5
 06/29  01:15:00,-0.001517389758986,5.373847677979816e-06,18,20,0.5
 06/29  01:16:00,-0.0015047529739172,-5.9992588839401315e-06,18,20,0.5
 06/29  01:17:00,-0.0015047529739172,-4.735580377060065e-06,18,20,0.5
 06/29  01:18:00,-0.0015174048838035,7.598708340549997e-06,18,20,0.5
 06/29  01:19:00,-0.0015174048838035,7.281087171860049e-06,18,20,0.5
 06/29  01:20:00,-0.0015142437969341,3.170161759890244e-06,18,20,0.5
 06/29  01:21:00,-0.0015174048838035,5.065301399779978e-06,18,20,0.5
 06/29  01:22:00,-0.0015174048838035,3.799354170270011e-06,18,20,0.5
 06/29  01:23:00,-0.0015174124462123,2.856321795620181e-06,18,20,0.5
 06/29  01:24:00,-0.0015174124462123,2.854053072990064e-06,18,20,0.5
 06/29  01:25:00,-0.0015174200086211,2.858590518280005e-06,18,20,0.5
 06/29  01:26:00,-0.0015174200086211,1.591887047890008e-06,18,20,0.5
 06/29  01:27:00,-0.0015174351334387,3.3879591333991e-07,18,20,0.5
 06/29  01:28:00,-0.0015174502582562,3.493832855699149e-07,18,20,0.5
 06/29  01:29:00,-0.0015174653830738,3.584581761402559e-07,18,20,0.5
 06/29  01:30:00,-0.0015174805078913,4.9911897920034906e-08,18,20,0.5
 06/29  01:31:00,-0.0015175107575264,6.95741607301386e-08,18,20,0.5
 06/29  01:32:00,-0.0015175410071616,8.621146011986679e-08,18,20,0.5
 06/29  01:33:00,-0.0015175485695703,8.01615330202083e-08,18,20,0.5
 06/29  01:34:00,-0.0015175561319791,7.335536514004905e-08,18,20,0.5
 06/29  01:35:00,-0.0015175636943879,6.654919726010664e-08,18,20,0.5
 06/29  01:36:00,-0.0015175712567967,5.8986788499916856e-08,18,20,0.5
 06/29  01:37:00,-0.0015175863816142,5.8986788449826716e-08,18,20,0.5
 06/29  01:38:00,-0.0015176015064318,5.8986788490159037e-08,18,20,0.5
 06/29  01:39:00,-0.0015176090688406,5.2180620609999784e-08,18,20,0.5
 06/29  01:40:00,-0.0015176241936581,5.293686142996551e-08,18,20,0.5
 06/29  01:41:00,-0.0015176393184757,5.520558409998107e-08,18,20,0.5
 06/29  01:42:00,-0.0015176544432932,5.8986788440068896e-08,18,20,0.5
 06/29  01:43:00,-0.0015176771305196,6.881791990995603e-08,18,20,0.5
 06/29  01:44:00,-0.0015177073801547,8.394273745006807e-08,18,20,0.5
 06/29  01:45:00,-0.0015177073801547,6.957416077003724e-08,18,20,0.5
 06/29  01:46:00,-0.0015177149425635,6.276799289009483e-08,18,20,0.5
 06/29  01:47:00,-0.0015177376297898,7.033040163011844e-08,18,20,0.5
 06/29  01:48:00,-0.0015398879251019,1.999198384672004e-05,18,20,0.5
 06/29  01:49:00,-0.0015683603941527,4.33893203663101e-05,18,20,0.5
 06/29  01:50:00,-0.0015177754418337,-7.210756770250097e-06,18,20,0.5
 06/29  01:51:00,-0.0015494089977539,2.124583122213022e-05,18,20,0.5
 06/29  01:52:00,-0.0016094923354987,7.214537974637998e-05,18,20,0.5
 06/29  01:53:00,-0.0015873722898217,4.3055818139170086e-05,18,20,0.5
 06/29  01:54:00,-0.0015810501160829,3.0399370807549994e-05,18,20,0.5
 06/29  01:55:00,-0.0016126761095944,5.252849137507977e-05,18,20,0.5
 06/29  01:56:00,-0.0016158447588725,4.5884159022280095e-05,18,20,0.5
 06/29  01:57:00,-0.0015937171507868,1.6158598836880098e-05,18,20,0.5
 06/29  01:58:00,-0.0016221744950201,3.638728607836014e-05,18,20,0.5
 06/29  01:59:00,-0.0015557765459454,-2.8752278175609878e-05,18,20,0.5
 06/29  02:00:00,-0.0015241581148427,-6.1008976579209626e-05,18,20,0.5
 06/29  02:01:00,-0.0015178359411039,-6.417384465301013e-05,18,20,0.5
 06/29  02:02:00,-0.0015178359411039,-5.500820521353003e-05,18,20,0.5
 06/29  02:03:00,-0.0015178359411039,-4.805457034175002e-05,18,20,0.5
 06/29  02:04:00,-0.0015178283786951,-4.173995901177001e-05,18,20,0.5
 06/29  02:05:00,-0.0015178283786951,-3.225518592184012e-05,18,20,0.5
 06/29  02:06:00,-0.0015178283786951,-2.2453547904100098e-05,18,20,0.5
 06/29  02:07:00,-0.0015178283786951,-1.4864670694929999e-05,18,20,0.5
 06/29  02:08:00,-0.0015178359411039,-4.423252894509948e-06,18,20,0.5
 06/29  02:09:00,-0.0015178359411039,-6.291924103600348e-07,18,20,0.5
 06/29  02:10:00,-0.0015178359411039,3.0249635201221037e-09,18,20,0.5
 06/29  02:11:00,-0.0015178359411039,3.0249635201221037e-09,18,20,0.5
 06/29  02:12:00,-0.0015178435035127,9.831131439963156e-09,18,20,0.5
 06/29  02:13:00,-0.0015178435035127,9.07489055993263e-09,18,20,0.5
 06/29  02:14:00,-0.0015178435035127,7.562408800088419e-09,18,20,0.5
 06/29  02:15:00,-0.0015178435035127,6.049927040027367e-09,18,20,0.5
 06/29  02:16:00,-0.0015178435035127,4.5374452801831555e-09,18,20,0.5
 06/29  02:17:00,-0.0015178435035127,3.0249635199052632e-09,18,20,0.5
 06/29  02:18:00,-0.0015178435035127,2.2687226398747373e-09,18,20,0.5
 06/29  02:19:00,-0.0015178435035127,1.5124817600610518e-09,18,20,0.5
 06/29  02:20:00,-0.0015210045903821,2.845734423340086e-06,18,20,0.5
 06/29  02:21:00,-0.0015178435035127,-3.1610868694007845e-07,18,20,0.5
 06/29  02:22:00,-0.0015178435035127,-3.1610868694007845e-07,18,20,0.5
 06/29  02:23:00,-0.0015178435035127,-3.1610868694007845e-07,18,20,0.5
 06/29  02:24:00,-0.0015178435035127,-3.1610868694007845e-07,18,20,0.5
 06/29  02:25:00,-0.0015178435035127,-3.1610868694007845e-07,18,20,0.5
 06/29  02:26:00,-0.0015178510659215,-3.0930251902002055e-07,18,20,0.5
 06/29  02:27:00,-0.0015178586283302,-3.032525920701988e-07,18,20,0.5
 06/29  02:28:00,-0.001517866190739,-2.9795890590001047e-07,18,20,0.5
 06/29  02:29:00,-0.0015178813155566,-2.866152926900116e-07,18,20,0.5
 06/29  02:30:00,-0.0015178964403741,3.9324525609799044e-08,18,20,0.5
 06/29  02:31:00,-0.0015179040027829,4.0837007390026256e-08,18,20,0.5
 06/29  02:32:00,-0.0015179040027829,3.478708037016505e-08,18,20,0.5
 06/29  02:33:00,-0.0015179115651917,3.5543321269928055e-08,18,20,0.5
 06/29  02:34:00,-0.0015179191276005,3.5543321290094215e-08,18,20,0.5
 06/29  02:35:00,-0.001517934252418,4.159324826008212e-08,18,20,0.5
 06/29  02:36:00,-0.0015179493772356,4.688693445000294e-08,18,20,0.5
 06/29  02:37:00,-0.0015179645020531,5.14243796599298e-08,18,20,0.5
 06/29  02:38:00,-0.0015179720644619,4.8399416169948514e-08,18,20,0.5
 06/29  02:39:00,-0.0015179871892795,5.293686147983881e-08,18,20,0.5
 06/29  02:40:00,-0.0015179947516883,5.066813885991339e-08,18,20,0.5
 06/29  02:41:00,-0.001518002314097,4.8399416149999194e-08,18,20,0.5
 06/29  02:42:00,-0.0015148487896364,-2.7996037298000376e-06,18,20,0.5
 06/29  02:43:00,-0.0015180174389146,3.5845817611011507e-07,18,20,0.5
 06/29  02:44:00,-0.0014990509176983,-1.672124204997005e-05,18,20,0.5
 06/29  02:45:00,-0.0014611103128568,-4.8979452935350026e-05,18,20,0.5
 06/29  02:46:00,-0.0015180401261409,7.94128545822002e-06,18,20,0.5
 06/29  02:47:00,-0.0014895827819076,-1.767788676052982e-05,18,20,0.5
 06/29  02:48:00,-0.0015117255148109,5.089501107870048e-06,18,20,0.5
 06/29  02:49:00,-0.0015085644279415,2.8706903722698542e-06,18,20,0.5
 06/29  02:50:00,-0.0015054033410721,9.687445644899866e-07,18,20,0.5
 06/29  02:51:00,-0.0015180628133673,1.3622166932660213e-05,18,20,0.5
 06/29  02:52:00,-0.0015180628133673,1.3300764559569895e-05,18,20,0.5
 06/29  02:53:00,-0.001518070375776,1.3303033282129973e-05,18,20,0.5
 06/29  02:54:00,-0.0015244001119236,1.7097850007199815e-05,18,20,0.5
 06/29  02:55:00,-0.0015813299252077,6.200570205621e-05,18,20,0.5
 06/29  02:56:00,-0.0015971429219635,6.990841922975013e-05,18,20,0.5
 06/29  02:57:00,-0.0015307298480712,-6.19361278910097e-07,18,20,0.5
 06/29  02:58:00,-0.0015338909349405,3.251835774299716e-07,18,20,0.5
 06/29  02:59:00,-0.0015180779381848,-1.6439164202599905e-05,18,20,0.5
 06/29  03:00:00,-0.0015149168513154,-2.0551602096329988e-05,18,20,0.5
 06/29  03:01:00,-0.0015180779381848,-1.739202770867994e-05,18,20,0.5
 06/29  03:02:00,-0.0015180779381848,-1.7393540190430027e-05,18,20,0.5
 06/29  03:03:00,-0.0015180855005936,-1.7387490263390216e-05,18,20,0.5
 06/29  03:04:00,-0.0015180855005936,-1.675602913039009e-05,18,20,0.5
 06/29  03:05:00,-0.0015180855005936,-1.0431586668980088e-05,18,20,0.5
 06/29  03:06:00,-0.0015086022399854,-1.1060779079370047e-05,18,20,0.5
 06/29  03:07:00,-0.0014611632497183,-5.154310951117989e-05,18,20,0.5
 06/29  03:08:00,-0.0014295372562068,-7.273373514931009e-05,18,20,0.5
 06/29  03:09:00,-0.0015180930630024,1.582055916452994e-05,18,20,0.5
 06/29  03:10:00,-0.0014358594299456,-5.8507331755289866e-05,18,20,0.5
 06/29  03:11:00,-0.0015307525352975,3.511831388534003e-05,18,20,0.5
 06/29  03:12:00,-0.0015212692746893,2.531591962669005e-05,18,20,0.5
 06/29  03:13:00,-0.0015181006254112,2.2145757866829947e-05,18,20,0.5
 06/29  03:14:00,-0.0015181006254112,2.2144245385070102e-05,18,20,0.5
 06/29  03:15:00,-0.0015181006254112,2.214273290331004e-05,18,20,0.5
 06/29  03:16:00,-0.0015181081878199,2.119970052856003e-05,18,20,0.5
 06/29  03:17:00,-0.0015181081878199,1.550520671840007e-05,18,20,0.5
 06/29  03:18:00,-0.0015181081878199,6.648113557090104e-06,18,20,0.5
 06/29  03:19:00,-0.0015181081878199,6.6466010753400175e-06,18,20,0.5
 06/29  03:20:00,-0.0015181006254112,-1.58508087991986e-06,18,20,0.5
 06/29  03:21:00,-0.0015181006254112,-3.198898912899241e-07,18,20,0.5
 06/29  03:22:00,-0.0015181006254112,-3.0249634800066233e-09,18,20,0.5
 06/29  03:23:00,-0.0015181006254112,-3.0249634800066233e-09,18,20,0.5
 06/29  03:24:00,-0.0015180930630024,-9.831131399847676e-09,18,20,0.5
 06/29  03:25:00,-0.0015180930630024,-9.07489052003399e-09,18,20,0.5
 06/29  03:26:00,-0.0015180930630024,-7.562408769947598e-09,18,20,0.5
 06/29  03:27:00,-0.0015180930630024,-6.0499270198612065e-09,18,20,0.5
 06/29  03:28:00,-0.0015180930630024,-4.537445269774815e-09,18,20,0.5
 06/29  03:29:00,-0.0015181006254112,3.781204399935789e-09,18,20,0.5
 06/29  03:30:00,-0.0015181006254112,3.781204399935789e-09,18,20,0.5
 06/29  03:31:00,-0.0015181081878199,1.0587372230004902e-08,18,20,0.5
 06/29  03:32:00,-0.0015181006254112,3.0249635298799232e-09,18,20,0.5
 06/29  03:33:00,-0.0015181081878199,9.831131359949036e-09,18,20,0.5
 06/29  03:34:00,-0.0015181081878199,8.318649609862644e-09,18,20,0.5
 06/29  03:35:00,-0.0015181081878199,6.8061678599930925e-09,18,20,0.5
 06/29  03:36:00,-0.0015181006254112,-1.5124817201624119e-09,18,20,0.5
 06/29  03:37:00,-0.0015181006254112,-2.2687225999760974e-09,18,20,0.5
 06/29  03:38:00,-0.0015181006254112,-3.0249634800066233e-09,18,20,0.5
 06/29  03:39:00,-0.0015181081878199,3.781204350062489e-09,18,20,0.5
 06/29  03:40:00,-0.0015181308750463,2.344346723996346e-08,18,20,0.5
 06/29  03:41:00,-0.0015212995243244,2.8729590948899965e-06,18,20,0.5
 06/29  03:42:00,-0.0016320056264321,0.00010218856110049985,18,20,0.5
 06/29  03:43:00,-0.0017079246481589,0.0001591259367934,18,20,0.5
 06/29  03:44:00,-0.0017079170857501,0.00014013748459158,18,20,0.5
 06/29  03:45:00,-0.0017079095233413,0.00012114978863064004,18,20,0.5
 06/29  03:46:00,-0.0016984187003244,9.362715812241988e-05,18,20,0.5
 06/29  03:47:00,-0.0016320056264321,1.5823584128029896e-05,18,20,0.5
 06/29  03:48:00,-0.0015466033440971,-7.242897007556028e-05,18,20,0.5
 06/29  03:49:00,-0.0017079095233413,6.989707561650001e-05,18,20,0.5
 06/29  03:50:00,-0.0017047559988807,4.8081038772460234e-05,18,20,0.5
 06/29  03:51:00,-0.0016415115742666,-2.7184590835859813e-05,18,20,0.5
 06/29  03:52:00,-0.0015719147262786,-9.07723488085101e-05,18,20,0.5
 06/29  03:53:00,-0.0015181535622726,-0.00012555640422587996,18,20,0.5
 06/29  03:54:00,-0.0015181611246814,-0.00010657324571020999,18,20,0.5
 06/29  03:55:00,-0.0015181686870902,-8.759159967630008e-05,18,20,0.5
 06/29  03:56:00,-0.0015181762494989,-6.955979218505005e-05,18,20,0.5
 06/29  03:57:00,-0.0016130617924421,2.7220134157149908e-05,18,20,0.5
 06/29  03:58:00,-0.0016794899911519,8.035966816147028e-05,18,20,0.5
 06/29  03:59:00,-0.0017079624602028,0.00010882684352622003,18,20,0.5
 06/29  04:00:00,-0.0017079624602028,0.00010850619739401018,18,20,0.5
 06/29  04:01:00,-0.0017016327240552,9.616434626754993e-05,18,20,0.5
 06/29  04:02:00,-0.0016794899911519,6.326408687692031e-05,18,20,0.5
 06/29  04:03:00,-0.0016478639976405,1.866704982872989e-05,18,20,0.5
 06/29  04:04:00,-0.0015498098054192,-8.255201046635007e-05,18,20,0.5
 06/29  04:05:00,-0.0015213600235947,-0.00011132092594130002,18,20,0.5
 06/29  04:06:00,-0.0015213675860034,-0.0001116324971830499,18,20,0.5
 06/29  04:07:00,-0.0015182216239516,-0.0001052944423858,18,20,0.5
 06/29  04:08:00,-0.0015182216239516,-8.916760566576995e-05,18,20,0.5
 06/29  04:09:00,-0.0015150605370822,-7.303850022310999e-05,18,20,0.5
 06/29  04:10:00,-0.0013853879137582,-0.00017045366890264995,18,20,0.5
 06/29  04:11:00,-0.0013284505380653,-0.0001900728259965601,18,20,0.5
 06/29  04:12:00,-0.0013284656628829,-0.00015495526835205978,18,20,0.5
 06/29  04:13:00,-0.0013284656628829,-0.00012301543487629987,18,20,0.5
 06/29  04:14:00,-0.0013221434891441,-0.00010657097698758985,18,20,0.5
 06/29  04:15:00,-0.0011987854771501,-0.00019767153433713027,18,20,0.5
 06/29  04:16:00,-0.0012588763773036,-0.00011133151331364994,18,20,0.5
 06/29  04:17:00,-0.0013031618431102,-4.5540069422910076e-05,18,20,0.5
 06/29  04:18:00,-0.0013253045760135,-4.1056317258000505e-06,18,20,0.5
 06/29  04:19:00,-0.001299993193832,-7.910279582279932e-06,18,20,0.5
 06/29  04:20:00,-0.0011513389244742,-0.0001331596500116802,18,20,0.5
 06/29  04:21:00,-0.0010785885520255,-0.00018092382385639992,18,20,0.5
 06/29  04:22:00,-0.0009489083662928,-0.0002726482799300903,18,20,0.5
 06/29  04:23:00,-0.000904630462895,-0.0002745426633291001,18,20,0.5
 06/29  04:24:00,-0.0007622983672759,-0.00036089024676138,18,20,0.5
 06/29  04:25:00,-0.0007591372804065,-0.0003200865139564199,18,20,0.5
 06/29  04:26:00,-0.0006262914703591,-0.00038967383330936985,18,20,0.5
 06/29  04:27:00,-0.0005693578758706,-0.00037322703107391,18,20,0.5
 06/29  04:28:00,-0.0005693593883523,-0.00029763099982609,18,20,0.5
 06/29  04:29:00,-0.0004586510175221,-0.00032420515302529994,18,20,0.5
 06/29  04:30:00,-0.0002941701390726,-0.00040296915293464003,18,20,0.5
 06/29  04:31:00,-0.0001897877231855,-0.0004184714859377401,18,20,0.5
 06/29  04:32:00,-0.0001455037698607,-0.0003824149796193301,18,20,0.5
 06/29  04:33:00,3.795724214076668e-05,-0.00047161722111722,18,20,0.5
 06/29  04:34:00,0.0002182556547911,-0.0005538602315608534,18,20,0.5
 06/29  04:35:00,0.0004365120658232,-0.0006525517079699833,18,20,0.5
 06/29  04:36:00,0.000632624987711,-0.0007227729840507734,18,20,0.5
 06/29  04:37:00,0.0008413936006896,-0.0007904664493733534,18,20,0.5
 06/29  04:38:00,0.0010216965507853,-0.0008116638055552934,18,20,0.5
 06/29  04:39:00,0.0012526071404263,-0.0008714485794014533,18,20,0.5
 06/29  04:40:00,0.0014297565660614,-0.0008762053345231533,18,20,0.5
 06/29  04:41:00,0.0016859861002926,-0.0009448574864065433,18,20,0.5
 06/29  04:42:00,0.0018441614423026,-0.0009040663072002133,18,20,0.5
 06/29  04:43:00,0.0020814017680911,-0.0009369621803936798,18,20,0.5
 06/29  04:44:00,0.002362935122095,-0.0010040275876671899,18,20,0.5
 06/29  04:45:00,0.0026159960070481,-0.0010391400784978,18,20,0.5
 06/29  04:46:00,0.002831108724751,-0.0010344044224967,18,20,0.5
 06/29  04:47:00,0.0028817163642963,-0.0008809797856813299,18,20,0.5
 06/29  04:48:00,0.003217018444715,-0.00099674967670706,18,20,0.5
 06/29  04:49:00,0.0037199715653429,-0.0012529663548433,18,20,0.5
 06/29  04:50:00,0.0043114956175841,-0.0015563165019322296,18,20,0.5
 06/29  04:51:00,0.0045550505547026,-0.0015129649936097304,18,20,0.5
 06/29  04:52:00,0.0046594269206627,-0.0013358148117338202,18,20,0.5
 06/29  04:53:00,0.0047448292029977,-0.0011548743505781604,18,20,0.5
 06/29  04:54:00,0.0047290086438332,-0.0009024464392398397,18,20,0.5
 06/29  04:55:00,0.0047321848555201,-0.0006940037660795395,18,20,0.5
 06/29  04:56:00,0.0048270855232808,-0.0005893067539872593,18,20,0.5
 06/29  04:57:00,0.0051782232876815,-0.0007107938260494402,18,20,0.5
 06/29  04:58:00,0.0055704854310194,-0.0008677092707568999,18,20,0.5
 06/29  04:59:00,0.0061209077915497,-0.0011780380086665208,18,20,0.5
 06/29  05:00:00,0.0067883962399703,-0.0015978363948485003,18,20,0.5
 06/29  05:01:00,0.0074147376222274,-0.0019382090703531198,18,20,0.5
 06/29  05:02:00,0.0078196819250867,-0.0020271278727700204,18,20,0.5
 06/29  05:03:00,0.0079715350933579,-0.0018563104520051997,18,20,0.5
 06/29  05:04:00,0.007949377235637,-0.00151211573510392,18,20,0.5
 06/29  05:05:00,0.0076204124537747,-0.0008943281934161596,18,20,0.5
 06/29  05:06:00,0.0070004310573003,-5.701224353981023e-05,18,20,0.5
 06/29  05:07:00,0.0062033002351909,0.0008426262733205302,18,20,0.5
 06/29  05:08:00,0.0055643371926826,0.001480974491995149,18,20,0.5
 06/29  05:09:00,0.0053365876899109,0.0016302919846029702,18,20,0.5
 06/29  05:10:00,0.0053872028918651,0.0014395574478382502,18,20,0.5
 06/29  05:11:00,0.0055042387301203,0.001131471720372341,18,20,0.5
 06/29  05:12:00,0.0055073846921721,0.0008970960350290803,18,20,0.5
 06/29  05:13:00,0.0056845114305808,0.0004912669303426698,18,20,0.5
 06/29  05:14:00,0.0055801123773944,0.00035873949770480994,18,20,0.5
 06/29  05:15:00,0.0054187835109238,0.00029990546989031985,18,20,0.5
 06/29  05:16:00,0.0053396958399189,0.00021291961915707956,18,20,0.5
 06/29  05:17:00,0.00550417823085,-2.1474972208110517e-05,18,20,0.5
 06/29  05:18:00,0.0056560011494861,-0.00016413149516385922,18,20,0.5
 06/29  05:19:00,0.0059976178412347,-0.0004396451717800804,18,20,0.5
 06/29  05:20:00,0.0063012636785068,-0.0006518849303880098,18,20,0.5
 06/29  05:21:00,0.0064593936460641,-0.0007144994063509299,18,20,0.5
 06/29  05:22:00,0.0064625320457071,-0.0006221230706404306,18,20,0.5
 06/29  05:23:00,0.0064498423237769,-0.0005329002593906194,18,20,0.5
 06/29  05:24:00,0.0062663480371768,-0.00028078240681227943,18,20,0.5
 06/29  05:25:00,0.0058582728970831,0.00017124167189735019,18,20,0.5
 06/29  05:26:00,0.0052034741705928,0.0008124182314550397,18,20,0.5
 06/29  05:27:00,0.0046846929283915,0.0012492509434104907,18,20,0.5
 06/29  05:28:00,0.0046878388904433,0.0011492887554544091,18,20,0.5
 06/29  05:29:00,0.0050484372282259,0.0006937723563709298,18,20,0.5
 06/29  05:30:00,0.0054533134694062,0.00020410109428057027,18,20,0.5
 06/29  05:31:00,0.0057632966052347,-0.00017549174563087026,18,20,0.5
 06/29  05:32:00,0.0057601203935477,-0.00024255669915980958,18,20,0.5
 06/29  05:33:00,0.0058075366965885,-0.00035420356491944974,18,20,0.5
 06/29  05:34:00,0.0065919399847239,-0.0011060476583001399,18,20,0.5
 06/29  05:35:00,0.0073320426822351,-0.0016987733772961403,18,20,0.5
 06/29  05:36:00,0.007275112868951,-0.0014346796941762194,18,20,0.5
 06/29  05:37:00,0.0066140297807657,-0.0005806629207534995,18,20,0.5
 06/29  05:38:00,0.0059909099846483,0.00017276398478440012,18,20,0.5
 06/29  05:39:00,0.0056935787587062,0.0005346093637745306,18,20,0.5
 06/29  05:40:00,0.005693586321115,0.0005586290865366101,18,20,0.5
 06/29  05:41:00,0.0056935636338886,0.0005516784766283998,18,20,0.5
 06/29  05:42:00,0.0056935409466623,0.0005450432191661594,18,20,0.5
 06/29  05:43:00,0.0056018316154061,0.0006161820423041201,18,20,0.5
 06/29  05:44:00,0.0055037396111409,0.00060545400921102,18,20,0.5
 06/29  05:45:00,0.0052507014134142,0.000650358080055629,18,20,0.5
 06/29  05:46:00,0.0051241898769596,0.00056177731731109,18,20,0.5
 06/29  05:47:00,0.0051242050017771,0.00041277971459473,18,20,0.5
 06/29  05:48:00,0.0051842732147043,0.0002720478246731302,18,20,0.5
 06/29  05:49:00,0.0054278357142316,1.911020698370375e-06,18,20,0.5
 06/29  05:50:00,0.0055037547359584,-9.299115954408948e-05,18,20,0.5
 06/29  05:51:00,0.0055037244863233,-0.00011194482466552,18,20,0.5
 06/29  05:52:00,0.0055511256645466,-0.00017358753110038958,18,20,0.5
 06/29  05:53:00,0.0058642396376093,-0.00046046070194276974,18,20,0.5
 06/29  05:54:00,0.0062849137507278,-0.0008030174011025796,18,20,0.5
 06/29  05:55:00,0.0065917584869132,-0.0009757564299380803,18,20,0.5
 06/29  05:56:00,0.0067941436706419,-0.0010111462342985503,18,20,0.5
 06/29  05:57:00,0.0066928830170986,-0.0007530177792231,18,20,0.5
 06/29  05:58:00,0.0068067199564405,-0.0007046100443913799,18,20,0.5
 06/29  05:59:00,0.0068257242897007,-0.0005838255201046699,18,20,0.5
 06/29  06:00:00,0.0068320691506658,-0.0004573389395990295,18,20,0.5
 06/29  06:01:00,0.0068320389010307,-0.00032447724849318967,18,20,0.5
 06/29  06:02:00,0.0069806553583447,-0.0003301407364273805,18,20,0.5
 06/29  06:03:00,0.0075974227310883,-0.00077358979982308,18,20,0.5
 06/29  06:04:00,0.0085620079707788,-0.00151046561750848,18,20,0.5
 06/29  06:05:00,0.0095202407870955,-0.0021758502038069488,18,20,0.5
 06/29  06:06:00,0.0107536696588597,-0.003013326476749371,18,20,0.5
 06/29  06:07:00,0.0123761844622749,-0.004067511135646941,18,20,0.5
 06/29  06:08:00,0.0142422844524437,-0.005190054676215418,18,20,0.5
 06/29  06:09:00,0.0159123668070753,-0.005951472779109559,18,20,0.5
 06/29  06:10:00,0.0172946238835994,-0.006287474382340301,18,20,0.5
 06/29  06:11:00,0.0181423699076629,-0.0060041873057405815,18,20,0.5
 06/29  06:12:00,0.0183605454009211,-0.005084373794741141,18,20,0.5
 06/29  06:13:00,0.018218145243623,-0.003879901386189568,18,20,0.5
 06/29  06:14:00,0.0183320351198263,-0.0030167885474881202,18,20,0.5
 06/29  06:15:00,0.0188415902233179,-0.0025942087073574822,18,20,0.5
 06/29  06:16:00,0.0191483971474594,-0.0020615428826390066,18,20,0.5
 06/29  06:17:00,0.0195310550316486,-0.0017287137098908369,18,20,0.5
 06/29  06:18:00,0.0205619625963261,-0.002127653460180099,18,20,0.5
 06/29  06:19:00,0.0216466388874184,-0.0026389025432380885,18,20,0.5
 06/29  06:20:00,0.0224276844660561,-0.002906642063630123,18,20,0.5
 06/29  06:21:00,0.0235757337427117,-0.0035113549567808364,18,20,0.5
 06/29  06:22:00,0.0249262287023662,-0.0042052815862908335,18,20,0.5
 06/29  06:23:00,0.0266438029841265,-0.005080290094000781,18,20,0.5
 06/29  06:24:00,0.0288200373582993,-0.006207724244326283,18,20,0.5
 06/29  06:25:00,0.0311571997912775,-0.007313325720508516,18,20,0.5
 06/29  06:26:00,0.0329884370769777,-0.007760559013256889,18,20,0.5
 06/29  06:27:00,0.0350256743778028,-0.008248334379466572,18,20,0.5
 06/29  06:28:00,0.0384193053171296,-0.009856231046713019,18,20,0.5
 06/29  06:29:00,0.0424267769770027,-0.01178568889762769,18,20,0.5
 06/29  06:30:00,0.0466999916813503,-0.013631672880445873,18,20,0.5
 06/29  06:31:00,0.0492556321039377,-0.013619323466910666,18,20,0.5
 06/29  06:32:00,0.050938116808966,-0.01270061936127899,18,20,0.5
 06/29  06:33:00,0.0547907103370565,-0.01373852215407649,18,20,0.5
 06/29  06:34:00,0.0510523091815205,-0.007776893816218371,18,20,0.5
 06/29  06:35:00,0.0496445667874131,-0.0045204147224974095,18,20,0.5
 06/29  06:36:00,0.048881897862107,-0.002168399718678382,18,20,0.5
 06/29  06:37:00,0.0488311540992036,-0.0007371079836348965,18,20,0.5
 06/29  06:38:00,0.0496818494626908,-0.00046154893256598883,18,20,0.5
 06/29  06:39:00,0.0514022974597868,-0.0012844448813835799,18,20,0.5
 06/29  06:40:00,0.0542073461238873,-0.0033387581012303755,18,20,0.5
 06/29  06:41:00,0.0571769528030068,-0.005516232710442964,18,20,0.5
 06/29  06:42:00,0.061047922984429,-0.008376222274318862,18,20,0.5
 06/29  06:43:00,0.0669305695250051,-0.013044882896100098,18,20,0.5
 06/29  06:44:00,0.075298904206968,-0.018988558075518247,18,20,0.5
 06/29  06:45:00,0.0835978916004325,-0.023892212987680815,18,20,0.5
 06/29  06:46:00,0.0916563943947426,-0.02767326612872735,18,20,0.5
 06/29  06:47:00,0.1002147724093078,-0.03109328231228213,18,20,0.5
 06/29  06:48:00,0.1100761534563989,-0.034915232960002415,18,20,0.5
 06/29  06:49:00,0.1186216753760407,-0.03673881708801882,18,20,0.5
 06/29  06:50:00,0.1225397593641526,-0.03382365975210419,18,20,0.5
 06/29  06:51:00,0.1300288127774458,-0.034027527167953486,18,20,0.5
 06/29  06:52:00,0.1431632043438476,-0.038950390598413445,18,20,0.5
 06/29  06:53:00,0.1528952682008273,-0.040085984587810916,18,20,0.5
 06/29  06:54:00,0.1595645565025372,-0.038328707659963906,18,20,0.5
 06/29  06:55:00,0.1631226698327951,-0.03393434316698557,18,20,0.5
 06/29  06:56:00,0.1680442854658065,-0.03121716969289054,18,20,0.5
 06/29  06:57:00,0.17348090113663,-0.02932717249098185,18,20,0.5
 06/29  06:58:00,0.1767826488092987,-0.025958270628360564,18,20,0.5
 06/29  06:59:00,0.1770957325327263,-0.0204239486361196,18,20,0.5
 06/29  07:00:00,0.1724811506961197,-0.010815227666316263,18,20,0.5
 06/29  07:01:00,0.1641284702003282,0.0009474185717634476,18,20,0.5
 06/29  07:02:00,0.1537581390424478,0.012377243199503868,18,20,0.5
 06/29  07:03:00,0.1487737554165753,0.01694947554695117,18,20,0.5
 06/29  07:04:00,0.1488713104898172,0.01578259587243727,18,20,0.5
 06/29  07:05:00,0.1503890859316509,0.012991462040489177,18,20,0.5
 06/29  07:06:00,0.152138271082105,0.009651675451664898,18,20,0.5
 06/29  07:07:00,0.1564579189763523,0.003629729341389859,18,20,0.5
 06/29  07:08:00,0.1763954534798424,-0.016346524695045855,18,20,0.5
 06/29  07:09:00,0.1944416295478435,-0.03265811106153527,18,20,0.5
 06/29  07:10:00,0.2802832878328405,-0.1077195556328602,18,20,0.5
 06/29  07:11:00,0.2743725091316086,-0.09078437303850023,18,20,0.5
 06/29  07:12:00,0.2873707773399984,-0.09042137741713499,18,20,0.5
 06/29  07:13:00,0.2872323852593528,-0.07643712235221164,18,20,0.5
 06/29  07:14:00,0.2334167719101888,-0.014166962861010518,18,20,0.5
 06/29  07:15:00,0.2888235160663375,-0.05573026400369052,18,20,0.5
 06/29  07:16:00,0.3671496525073166,-0.11255526230214846,18,20,0.5
 06/29  07:17:00,0.3623860912177747,-0.08719888378846435,18,20,0.5
 06/29  07:18:00,0.2171454931824885,0.062116718217086475,18,20,0.5
 06/29  07:19:00,0.1863755643447551,0.09208004053451102,18,20,0.5
 06/29  07:20:00,0.1837166214182541,0.08508231681955339,18,20,0.5
 06/29  07:21:00,0.221099120491859,0.04237247888197351,18,20,0.5
 06/29  07:22:00,0.2665930592212231,-0.005199231659268055,18,20,0.5
 06/29  07:23:00,0.2045261016538988,0.04859709754751082,18,20,0.5
 06/29  07:24:00,0.2219370353845106,0.030038190164331235,18,20,0.5
 06/29  07:25:00,0.1824975611231689,0.05884506893135605,18,20,0.5
 06/29  07:26:00,0.1691748655781839,0.052370285783427756,18,20,0.5
 06/29  07:27:00,0.1653808050940385,0.03646381765519954,18,20,0.5
 06/29  07:28:00,0.1646729636323762,0.031924406161850605,18,20,0.5
 06/29  07:29:00,0.1668600122511022,0.027785802333759324,18,20,0.5
 06/29  07:30:00,0.167959586487488,0.02511052460429694,18,20,0.5
 06/29  07:31:00,0.1720818555126179,0.016086529081242917,18,20,0.5
 06/29  07:32:00,0.1775797266945467,0.0016873246466464764,18,20,0.5
 06/29  07:33:00,0.1875273192017121,-0.009960146105737588,18,20,0.5
 06/29  07:34:00,0.1967065709769876,-0.021662444321765395,18,20,0.5
 06/29  07:35:00,0.2010655433968828,-0.024164618514289193,18,20,0.5
 06/29  07:36:00,0.2035248387316328,-0.023188916533694315,18,20,0.5
 06/29  07:37:00,0.2007070852207845,-0.016838535010171435,18,20,0.5
 06/29  07:38:00,0.1974393683876188,-0.010294177701481472,18,20,0.5
 06/29  07:39:00,0.2386817209017416,-0.04435435935054033,18,20,0.5
 06/29  07:40:00,0.3092526071404264,-0.10079594352393129,18,20,0.5
 06/29  07:41:00,0.1986871658360621,0.012430028812777438,18,20,0.5
 06/29  07:42:00,0.2116612343363608,0.0028641110766601807,18,20,0.5
 06/29  07:43:00,0.2095135102432826,0.007210454273895384,18,20,0.5
 06/29  07:44:00,0.2080932898746909,0.009769346532257445,18,20,0.5
 06/29  07:45:00,0.2986274228067124,-0.0710085984587811,18,20,0.5
 06/29  07:46:00,0.2883561592038296,-0.05225420280867865,18,20,0.5
 06/29  07:47:00,0.2224202733054532,0.015853001898164604,18,20,0.5
 06/29  07:48:00,0.2295002004038326,0.011979158001406615,18,20,0.5
 06/29  07:49:00,0.2398591879485453,0.0017379171613742805,18,20,0.5
 06/29  07:50:00,0.2707538965311231,-0.0330066624821338,18,20,0.5
 06/29  07:51:00,0.3261515657967376,-0.0756578917516808,18,20,0.5
 06/29  07:52:00,0.2636475010020191,-0.00795520029039648,18,20,0.5
 06/29  07:53:00,0.2477671988081644,0.011750470759946452,18,20,0.5
 06/29  07:54:00,0.2739845575612744,-0.00787776122450523,18,20,0.5
 06/29  07:55:00,0.3884718640581398,-0.11338062359622791,18,20,0.5
 06/29  07:56:00,0.5787813934494416,-0.27464762956296845,18,20,0.5
 06/29  07:57:00,0.4655116347659056,-0.13706873473338727,18,20,0.5
 06/29  07:58:00,0.4051484878963647,-0.059140759114593155,18,20,0.5
 06/29  07:59:00,0.2754448586963919,0.07412143716016434,18,20,0.5
 06/29  08:00:00,0.2586510175221011,0.0897049904335529,18,20,0.5
 06/29  08:01:00,0.2576641231765141,0.08384314051711761,18,20,0.5
 06/29  08:02:00,0.2932248379753919,0.05124015941557708,18,20,0.5
 06/29  08:03:00,0.3161192743112536,0.035180930630024254,18,20,0.5
 06/29  08:04:00,0.2650669651297331,0.08534148056839064,18,20,0.5
 06/29  08:05:00,0.2453116846778035,0.09078074308228662,18,20,0.5
 06/29  08:06:00,0.2380026165934373,0.06401193348105239,18,20,0.5
 06/29  08:07:00,0.2294767569366194,0.0489343053549417,18,20,0.5
 06/29  08:08:00,0.2276504352166252,0.03301082180696191,18,20,0.5
 06/29  08:09:00,0.2353716545794166,0.021282282032472954,18,20,0.5
 06/29  08:10:00,0.2476658625305332,0.007889558582199585,18,20,0.5
 06/29  08:11:00,0.2579877942722316,-0.0024000060499270726,18,20,0.5
 06/29  08:12:00,0.2742545355546649,-0.020563777574433062,18,20,0.5
 06/29  08:13:00,0.2743808277812649,-0.02486391445403191,18,20,0.5
 06/29  08:14:00,0.2603457533293504,-0.011300961182155678,18,20,0.5
 06/29  08:15:00,0.5105465352824182,-0.23497825807476208,18,20,0.5
 06/29  08:16:00,0.5182246489151725,-0.21463416847534283,18,20,0.5
 06/29  08:17:00,0.3001852790150719,0.01047605363260301,18,20,0.5
 06/29  08:18:00,0.2014897945293534,0.10655547404959437,18,20,0.5
 06/29  08:19:00,0.1871370989087444,0.11608471410313617,18,20,0.5
 06/29  08:20:00,0.1795066284512943,0.11689926115266233,18,20,0.5
 06/29  08:21:00,0.1867446098931431,0.10253696127290471,18,20,0.5
 06/29  08:22:00,0.1897718421271543,0.09106145969614243,18,20,0.5
 06/29  08:23:00,0.2306799361732699,0.04578327648922734,18,20,0.5
 06/29  08:24:00,0.5452194232907066,-0.2402688436320738,18,20,0.5
 06/29  08:25:00,0.3574213698547261,-0.06778330673886246,18,20,0.5
 06/29  08:26:00,0.4997164096708083,-0.2119291704793811,18,20,0.5
 06/29  08:27:00,0.5236703394765301,-0.21353459423895704,18,20,0.5
 06/29  08:28:00,0.5486641004892878,-0.20381092465572137,18,20,0.5
 06/29  08:29:00,0.5446310678877436,-0.1640284951562772,18,20,0.5
 06/29  08:30:00,0.5518834179062716,-0.13404316622930745,18,20,0.5
 06/29  08:31:00,0.5534238805744406,-0.09891570182934672,18,20,0.5
 06/29  08:32:00,0.5544047249930047,-0.06343325796132576,18,20,0.5
 06/29  08:33:00,0.5582789470102018,-0.03454757889482962,18,20,0.5
 06/29  08:34:00,0.5629623467666922,-0.037456686303721565,18,20,0.5
 06/29  08:35:00,0.577073045306391,-0.029602217298253852,18,20,0.5
 06/29  08:36:00,0.5951033403159575,-0.03809381924330535,18,20,0.5
 06/29  08:37:00,0.6095619096594648,-0.04396323156851922,18,20,0.5
 06/29  08:38:00,0.6040542073461239,-0.032916518569494846,18,20,0.5
 06/29  08:39:00,0.4395854287507657,0.12104769611216565,18,20,0.5
 06/29  08:40:00,0.4228362057882677,0.12489219786286337,18,20,0.5
 06/29  08:41:00,0.4088888552781832,0.12438604584332202,18,20,0.5
 06/29  08:42:00,0.3032140237308388,0.20494180726444994,18,20,0.5
 06/29  08:43:00,0.2912676865835306,0.19018701836909097,18,20,0.5
 06/29  08:44:00,0.2969833551382786,0.15787345065150155,18,20,0.5
 06/29  08:45:00,0.3232241573586019,0.10624775963639943,18,20,0.5
 06/29  08:46:00,0.3052475554513623,0.09523878305717942,18,20,0.5
 06/29  08:47:00,0.2910839200502144,0.07755461949740233,18,20,0.5
 06/29  08:48:00,0.2843148079526291,0.052349791655638134,18,20,0.5
 06/29  08:49:00,0.2708786762759674,0.04891524808481995,18,20,0.5
 06/29  08:50:00,0.2706117232460884,0.033959752860481085,18,20,0.5
 06/29  08:51:00,0.261893778406298,0.027978190013082993,18,20,0.5
 06/29  08:52:00,0.2577843654760914,0.027544637117814796,18,20,0.5
 06/29  08:53:00,0.2829376933140744,0.0015583099528861943,18,20,0.5
 06/29  08:54:00,0.3533316191873435,-0.06320078951547642,18,20,0.5
 06/29  08:55:00,0.2907685676041533,-0.003883296907731093,18,20,0.5
 06/29  08:56:00,0.1870138316456558,0.0880480666701958,18,20,0.5
 06/29  08:57:00,0.1792207693994691,0.08465481385130794,18,20,0.5
 06/29  08:58:00,0.2320124326000318,0.026632913115485546,18,20,0.5
 06/29  08:59:00,0.2434755318263973,0.012429499444162995,18,20,0.5
 06/29  09:00:00,0.4420606051439504,-0.1690106856836039,18,20,0.5
 06/29  09:01:00,0.5754826707402841,-0.27107386204653905,18,20,0.5
 06/29  09:02:00,0.5916299259640181,-0.2538365612214803,18,20,0.5
 06/29  09:03:00,0.5858446832485084,-0.21776061951252723,18,20,0.5
 06/29  09:04:00,0.5808844993307268,-0.1900451475804073,18,20,0.5
 06/29  09:05:00,0.5824741176559558,-0.16246421090045604,18,20,0.5
 06/29  09:06:00,0.5848524952167765,-0.12505872210416474,18,20,0.5
 06/29  09:07:00,0.5868845144555443,-0.08632436683732503,18,20,0.5
 06/29  09:08:00,0.5886389932921434,-0.05241618960471284,18,20,0.5
 06/29  09:09:00,0.5900448450840562,-0.019165110070859748,18,20,0.5
 06/29  09:10:00,0.5902573487707304,-0.004557939394856048,18,20,0.5
 06/29  09:11:00,0.588942245884159,-0.001896878993897122,18,20,0.5
 06/29  09:12:00,0.5876294117202211,-0.0009840962543389287,18,20,0.5
 06/29  09:13:00,0.5868799770102773,-0.0001311321682182509,18,20,0.5
 06/29  09:14:00,0.5837990516739392,0.0032412484024412214,18,20,0.5
 06/29  09:15:00,0.533003108150008,0.049090090975777545,18,20,0.5
 06/29  09:16:00,0.4055492955616223,0.1586135835986479,18,20,0.5
 06/29  09:17:00,0.2852646464952016,0.24873624586903426,18,20,0.5
 06/29  09:18:00,0.2706956659835291,0.23151089364984523,18,20,0.5
 06/29  09:19:00,0.3153600084698978,0.15937806750206074,18,20,0.5
 06/29  09:20:00,0.4243842308652152,0.03376653331619184,18,20,0.5
 06/29  09:21:00,0.6069022104920859,-0.14695544984988618,18,20,0.5
 06/29  09:22:00,0.636974128999569,-0.17209289662943444,18,20,0.5
 06/29  09:23:00,0.6402879765262832,-0.17006594420454801,18,20,0.5
 06/29  09:24:00,0.6391400028737154,-0.16338387543200272,18,20,0.5
 06/29  09:25:00,0.6374180423948637,-0.15122042152866533,18,20,0.5
 06/29  09:26:00,0.6316123811756521,-0.12280845174805077,18,20,0.5
 06/29  09:27:00,0.6284089448171032,-0.08529058555731173,18,20,0.5
 06/29  09:28:00,0.6288294147451846,-0.04989768060922761,18,20,0.5
 06/29  09:29:00,0.6305544001875478,-0.020103226879825797,18,20,0.5
 06/29  09:30:00,0.6324797894625396,-0.001219060295085228,18,20,0.5
 06/29  09:31:00,0.6345624768401231,-0.0005357210378649224,18,20,0.5
 06/29  09:32:00,0.6363736737425605,-0.002406963466003109,18,20,0.5
 06/29  09:33:00,0.6461821179282026,-0.011625993511453325,18,20,0.5
 06/29  09:34:00,0.6559845121868217,-0.019743936838761855,18,20,0.5
 06/29  09:35:00,0.659935114532681,-0.021442831970839515,18,20,0.5
 06/29  09:36:00,0.6592189544213624,-0.017966014534949726,18,20,0.5
 06/29  09:37:00,0.6914484281533354,-0.04389153993329964,18,20,0.5
 06/29  09:38:00,0.6984988618574789,-0.04397502892621363,18,20,0.5
 06/29  09:39:00,0.7079458229035113,-0.045682847700649565,18,20,0.5
 06/29  09:40:00,0.6886548743505782,-0.020774390658912623,18,20,0.5
 06/29  09:41:00,0.6818978621070383,-0.009283839888681311,18,20,0.5
 06/29  09:42:00,0.7116423283144148,-0.03150144063887239,18,20,0.5
 06/29  09:43:00,0.7425256932838248,-0.052750448072720224,18,20,0.5
 06/29  09:44:00,0.7824294994441631,-0.08000975550732425,18,20,0.5
 06/29  09:45:00,0.7966770775827517,-0.08058313734090583,18,20,0.5
 06/29  09:46:00,0.787488750916942,-0.0585678310255382,18,20,0.5
 06/29  09:47:00,0.7277343779540659,0.004815136917410978,18,20,0.5
 06/29  09:48:00,0.7475993133332829,-0.010139753314225564,18,20,0.5
 06/29  09:49:00,0.7681441092616821,-0.02466472060680769,18,20,0.5
 06/29  09:50:00,0.7552917955427163,-0.005148714768628215,18,20,0.5
 06/29  09:51:00,0.7526699084192298,0.00455037698607752,18,20,0.5
 06/29  09:52:00,0.7539721552108778,0.0074811128840758245,18,20,0.5
 06/29  09:53:00,0.752289519257674,0.010140131434664634,18,20,0.5
 06/29  09:54:00,0.7559716560918984,0.0038122102652137224,18,20,0.5
 06/29  09:55:00,0.769641466199814,-0.0125611609809958,18,20,0.5
 06/29  09:56:00,0.7896515998275772,-0.03235500971769534,18,20,0.5
 06/29  09:57:00,0.7959964607926917,-0.03187366239894729,18,20,0.5
 06/29  09:58:00,0.5581360174842891,0.18704045132455593,18,20,0.5
 06/29  09:59:00,0.333444752822669,0.3682617803422747,18,20,0.5
 06/29  10:00:00,0.3344535781537135,0.32516913327232994,18,20,0.5
 06/29  10:01:00,0.3645451589240205,0.25626507755250194,18,20,0.5
 06/29  10:02:00,0.3241210590397254,0.25370406781968197,18,20,0.5
 06/29  10:03:00,0.2958920995515491,0.23629328533724564,18,20,0.5
 06/29  10:04:00,0.2800964963360129,0.20450137257719342,18,20,0.5
 06/29  10:05:00,0.2634750780818706,0.1705061520195414,18,20,0.5
 06/29  10:06:00,0.2585579998941263,0.12231387021394047,18,20,0.5
 06/29  10:07:00,0.2596636240575348,0.06757496237701638,18,20,0.5
 06/29  10:08:00,0.2675179418148269,0.030658837052778,18,20,0.5
 06/29  10:09:00,0.2702661211649134,0.021592794536915927,18,20,0.5
 06/29  10:10:00,0.3999107635764143,-0.1015061293323149,18,20,0.5
 06/29  10:11:00,0.8263519696293664,-0.48176665431473237,18,20,0.5
 06/29  10:12:00,0.8620162894285087,-0.4636414510749964,18,20,0.5
 06/29  10:13:00,0.8621070383338502,-0.40711070610210776,18,20,0.5
 06/29  10:14:00,0.8536220156844359,-0.3412731315178511,18,20,0.5
 06/29  10:15:00,0.8536144532756574,-0.282251631589694,18,20,0.5
 06/29  10:16:00,0.8558604886828554,-0.22476741811801904,18,20,0.5
 06/29  10:17:00,0.8430422058033925,-0.15361127706397038,18,20,0.5
 06/29  10:18:00,0.7480167582978531,-0.01053594791012824,18,20,0.5
 06/29  10:19:00,0.3962399703553576,0.35383822495141154,18,20,0.5
 06/29  10:20:00,0.3148714768628103,0.4267027897725984,18,20,0.5
 06/29  10:21:00,0.3134875560563551,0.3768002692217524,18,20,0.5
 06/29  10:22:00,0.3380222788562613,0.2998661453646216,18,20,0.5
 06/29  10:23:00,0.3462244674173618,0.24007569971187226,18,20,0.5
 06/29  10:24:00,0.3434150325561698,0.19186443626023764,18,20,0.5
 06/29  10:25:00,0.352790150718807,0.1324068878419154,18,20,0.5
 06/29  10:26:00,0.574822472453926,-0.1177292355160966,18,20,0.5
 06/29  10:27:00,0.6344747528982932,-0.1982382612509737,18,20,0.5
 06/29  10:28:00,0.3937678189256842,0.007043778784418475,18,20,0.5
 06/29  10:29:00,0.3651463704219068,0.032555867294850716,18,20,0.5
 06/29  10:30:00,0.2725091316085999,0.1209568715827366,18,20,0.5
 06/29  10:31:00,0.2480212957431201,0.13889808141689292,18,20,0.5
 06/29  10:32:00,0.2427155097441637,0.13467319050463958,18,20,0.5
 06/29  10:33:00,0.257971156972919,0.11059221223144,18,20,0.5
 06/29  10:34:00,0.2895805131850597,0.07359940408218829,18,20,0.5
 06/29  10:35:00,0.4631355259277185,-0.08892107113957937,18,20,0.5
 06/29  10:36:00,0.26436290487246,0.07880559315753255,18,20,0.5
 06/29  10:37:00,0.2414450250693851,0.06242050017771661,18,20,0.5
 06/29  10:38:00,0.2584128016455801,0.03191722187351115,18,20,0.5
 06/29  10:39:00,0.3726755046017257,-0.0815925676646525,18,20,0.5
 06/29  10:40:00,0.7855678990872172,-0.4431790854022823,18,20,0.5
 06/29  10:41:00,0.852601090499346,-0.44975429733878847,18,20,0.5
 06/29  10:42:00,0.339102947070701,0.07338258982251028,18,20,0.5
 06/29  10:43:00,0.4585693435072939,-0.026023987960645145,18,20,0.5
 06/29  10:44:00,0.2537014209766094,0.1752560253491942,18,20,0.5
 06/29  10:45:00,0.2422095845968858,0.1646552675958346,18,20,0.5
 06/29  10:46:00,0.2609938517616631,0.1455340951199776,18,20,0.5
 06/29  10:47:00,0.2682870387875946,0.14092510946586717,18,20,0.5
 06/29  10:48:00,0.310523091815205,0.10390008545521917,18,20,0.5
 06/29  10:49:00,0.7389297679096747,-0.2878811643084556,18,20,0.5
 06/29  10:50:00,0.8742068923793608,-0.4142943894489274,18,20,0.5
 06/29  10:51:00,0.8887947789129794,-0.42526290714118264,18,20,0.5
 06/29  10:52:00,0.8821927960493977,-0.3643519393797313,18,20,0.5
 06/29  10:53:00,0.9056135760362392,-0.3430682961136782,18,20,0.5
 06/29  10:54:00,0.4978416885346321,0.08911761814373104,18,20,0.5
 06/29  10:55:00,0.6829830677667451,-0.05194641277139589,18,20,0.5
 06/29  10:56:00,0.3965689351372199,0.24802522819568495,18,20,0.5
 06/29  10:57:00,0.2912139934812036,0.3556728653210621,18,20,0.5
 06/29  10:58:00,0.2664418110456543,0.3760369196796565,18,20,0.5
 06/29  10:59:00,0.2405095551034916,0.3521271543412008,18,20,0.5
 06/29  11:00:00,0.2367654065172839,0.2921271543412008,18,20,0.5
 06/29  11:01:00,0.2335831449033146,0.22978825255420365,18,20,0.5
 06/29  11:02:00,0.2370936150582684,0.16176786430013687,18,20,0.5
 06/29  11:03:00,0.260099975044051,0.07421014421513544,18,20,0.5
 06/29  11:04:00,0.2938555428675142,0.020055961824960444,18,20,0.5
 06/29  11:05:00,0.4080516966264094,-0.12163332904796825,18,20,0.5
 06/29  11:06:00,0.7584793508428306,-0.4358699416938284,18,20,0.5
 06/29  11:07:00,0.7490467583734771,-0.38065407273524765,18,20,0.5
 06/29  11:08:00,0.7556252977698458,-0.33831426345919713,18,20,0.5
 06/29  11:09:00,0.7881542428894452,-0.31607873980020124,18,20,0.5
 06/29  11:10:00,0.5597596666490211,-0.055384737546603335,18,20,0.5
 06/29  11:11:00,0.3176294873443089,0.1951500760022083,18,20,0.5
 06/29  11:12:00,0.2871824733614151,0.23060597581541675,18,20,0.5
 06/29  11:13:00,0.2984973493757231,0.223130837234276,18,20,0.5
 06/29  11:14:00,0.4963821436403923,0.04549870304689457,18,20,0.5
 06/29  11:15:00,0.8839472748859967,-0.29447687037275105,18,20,0.5
 06/29  11:16:00,0.8958807559383816,-0.2926702109155809,18,20,0.5
 06/29  11:17:00,0.8954799482731239,-0.2776260842603586,18,20,0.5
 06/29  11:18:00,0.8828053511604516,-0.2522334818086256,18,20,0.5
 06/29  11:19:00,0.876528551874343,-0.23711925162402725,18,20,0.5
 06/29  11:20:00,0.8718701080668215,-0.2012497636747257,18,20,0.5
 06/29  11:21:00,0.8792434566258046,-0.1524617153055593,18,20,0.5
 06/29  11:22:00,0.7768560041744497,-0.0011069097729008437,18,20,0.5
 06/29  11:23:00,0.2448413028517843,0.5255421868973705,18,20,0.5
 06/29  11:24:00,0.2337351493197613,0.5103836409973306,18,20,0.5
 06/29  11:25:00,0.2520868467024116,0.42884590079632173,18,20,0.5
 06/29  11:26:00,0.272543162448103,0.34605582570160237,18,20,0.5
 06/29  11:27:00,0.2907110932974371,0.2674110093546997,18,20,0.5
 06/29  11:28:00,0.2972366958323565,0.2023285412869707,18,20,0.5
 06/29  11:29:00,0.2743112536205032,0.16503225367344004,18,20,0.5
 06/29  11:30:00,0.267551216413452,0.11136040171515432,18,20,0.5
 06/29  11:31:00,0.2652356068454924,0.05227522630508269,18,20,0.5
 06/29  11:32:00,0.2656243146567044,0.00076334954209617,18,20,0.5
 06/29  11:33:00,0.2686076849198006,0.0001566174858016467,18,20,0.5
 06/29  11:34:00,0.2717233973365196,0.0008397298707584211,18,20,0.5
 06/29  11:35:00,0.2757866795731776,-0.0008535690788229466,18,20,0.5
 06/29  11:36:00,0.3271014043393102,-0.04671246965583481,18,20,0.5
 06/29  11:37:00,0.68218145243623,-0.36264548183887535,18,20,0.5
 06/29  11:38:00,0.927801683392194,-0.5452092140388557,18,20,0.5
 06/29  11:39:00,0.929503225367344,-0.4813915588393215,18,20,0.5
 06/29  11:40:00,0.7232839003879515,-0.2295989654624792,18,20,0.5
 06/29  11:41:00,0.336147557720085,0.16462857229284678,18,20,0.5
 06/29  11:42:00,0.2877186481438067,0.2152669152178351,18,20,0.5
 06/29  11:43:00,0.2782709308568966,0.22568095709845493,18,20,0.5
 06/29  11:44:00,0.2710102621887124,0.2328703122518584,18,20,0.5
 06/29  11:45:00,0.2679043809034053,0.23518796367018824,18,20,0.5
 06/29  11:46:00,0.2672978757193742,0.22981411599222573,18,20,0.5
 06/29  11:47:00,0.267711539479555,0.1879534609363775,18,20,0.5
 06/29  11:48:00,0.2728713709890875,0.11730059818653432,18,20,0.5
 06/29  11:49:00,0.2713513268246201,0.05300545249672933,18,20,0.5
 06/29  11:50:00,0.2690795792275756,0.009856767977736214,18,20,0.5
 06/29  11:51:00,0.2759205342085561,-0.0030068893543971353,18,20,0.5
 06/29  11:52:00,0.2969992361967133,-0.023157532537263714,18,20,0.5
 06/29  11:53:00,0.3347076750886693,-0.05522229700604242,18,20,0.5
 06/29  11:54:00,0.3675844910120772,-0.07844169004711382,18,20,0.5
 06/29  11:55:00,0.6645716273547451,-0.33576210174464777,18,20,0.5
 06/29  11:56:00,0.8715751741244622,-0.482337918673856,18,20,0.5
 06/29  11:57:00,0.8580838368637179,-0.40980935167469545,18,20,0.5
 06/29  11:58:00,0.8495988142143036,-0.3436515847027596,18,20,0.5
 06/29  11:59:00,0.8492887554543873,-0.2855477830798665,18,20,0.5
 06/29  12:00:00,0.8554369937912625,-0.23306027996037315,18,20,0.5
 06/29  12:01:00,0.8596114434369636,-0.17886563868323346,18,20,0.5
 06/29  12:02:00,0.8651168770276709,-0.12755930819084493,18,20,0.5
 06/29  12:03:00,0.8744715766866062,-0.08293761768998664,18,20,0.5
 06/29  12:04:00,0.5016584362451127,0.3032829172748105,18,20,0.5
 06/29  12:05:00,0.6420643863483396,0.1606262430709431,18,20,0.5
 06/29  12:06:00,0.4817836697344838,0.281927809245801,18,20,0.5
 06/29  12:07:00,0.6098696996967474,0.12902036556684027,18,20,0.5
 06/29  12:08:00,0.9367177633419798,-0.18911580316562437,18,20,0.5
 06/29  12:09:00,0.8406902966732965,-0.0939481823750502,18,20,0.5
 06/29  12:10:00,0.6665620533452316,0.06129256690841167,18,20,0.5
 06/29  12:11:00,0.9711720977365712,-0.23216141205296725,18,20,0.5
 06/29  12:12:00,1.0,-0.24750100201916314,18,20,0.5
 06/29  12:13:00,0.4465148639144541,0.2631884627891676,18,20,0.5
 06/29  12:14:00,0.3625607828605567,0.3332327785046094,18,20,0.5
 06/29  12:15:00,0.3872255790914522,0.28308410154802516,18,20,0.5
 06/29  12:16:00,0.7304545763916723,-0.035277805086476155,18,20,0.5
 06/29  12:17:00,0.6904743899026718,0.012762850423116756,18,20,0.5
 06/29  12:18:00,0.5534306867423412,0.11147784592348353,18,20,0.5
 06/29  12:19:00,0.7084789727223916,-0.056791572451657335,18,20,0.5
 06/29  12:20:00,0.6705050932823123,-0.018423389017869995,18,20,0.5
 06/29  12:21:00,0.8521246587463039,-0.21194769838088823,18,20,0.5
 06/29  12:22:00,0.6249703175455447,-0.02229632542557447,18,20,0.5
 06/29  12:23:00,0.9440532998570704,-0.29162546414283874,18,20,0.5
 06/29  12:24:00,0.9209274538125884,-0.21266295100315358,18,20,0.5
 06/29  12:25:00,0.8293466835056303,-0.07687007025477766,18,20,0.5
 06/29  12:26:00,0.8844085818214819,-0.11653656802764822,18,20,0.5
 06/29  12:27:00,0.6805472158992083,0.08633208049427898,18,20,0.5
 06/29  12:28:00,0.8710155558748572,-0.07237777256811828,18,20,0.5
 06/29  12:29:00,0.8426489605469134,-0.030594178457722276,18,20,0.5
 06/29  12:30:00,0.5077756687059962,0.28800617092556324,18,20,0.5
 06/29  12:31:00,0.8986334727337352,-0.09820075170343256,18,20,0.5
 06/29  12:32:00,0.9089032238548622,-0.08007721219362784,18,20,0.5
 06/29  12:33:00,0.9254573366708764,-0.09849092132826154,18,20,0.5
 06/29  12:34:00,0.4641844320252887,0.31710768113859633,18,20,0.5
 06/29  12:35:00,0.2626757314739891,0.46194928648673167,18,20,0.5
 06/29  12:36:00,0.2475766261069475,0.41336519628231994,18,20,0.5
 06/29  12:37:00,0.2532658262309711,0.36494785719147255,18,20,0.5
 06/29  12:38:00,0.2600576255548917,0.29706026483555553,18,20,0.5
 06/29  12:39:00,0.2773747854166509,0.22321568746076997,18,20,0.5
 06/29  12:40:00,0.5952432448783587,-0.08590601438370149,18,20,0.5
 06/29  12:41:00,0.9194527841007918,-0.408033622469429,18,20,0.5
 06/29  12:42:00,0.9216156330114268,-0.40892523046440754,18,20,0.5
 06/29  12:43:00,0.8965689351372199,-0.3867673727435663,18,20,0.5
 06/29  12:44:00,0.7829664304674324,-0.24128666822956446,18,20,0.5
 06/29  12:45:00,0.8607004303010596,-0.2592181981804845,18,20,0.5
 06/29  12:46:00,0.8997753964592802,-0.23307328730347188,18,20,0.5
 06/29  12:47:00,0.8913659978976505,-0.16085387157517417,18,20,0.5
 06/29  12:48:00,0.8670452912661741,-0.07583439837256967,18,20,0.5
 06/29  12:49:00,0.8472544674929858,0.0009443936082521587,18,20,0.5
 06/29  12:50:00,0.8362284754940144,0.03606890866878931,18,20,0.5
 06/29  12:51:00,0.8337858174585769,0.029944870040005234,18,20,0.5
 06/29  12:52:00,0.8280610740132948,0.026314157585474174,18,20,0.5
 06/29  12:53:00,0.822684201371821,0.02430255685040794,18,20,0.5
 06/29  12:54:00,0.8190391203406109,0.03155490686893603,18,20,0.5
 06/29  12:55:00,0.8153335400391734,0.0307237981441848,18,20,0.5
 06/29  12:56:00,0.816793084933413,0.020966022097358428,18,20,0.5
 06/29  12:57:00,0.8197121747218925,0.010881549991303086,18,20,0.5
 06/29  12:58:00,0.820029795890587,0.005862379285049957,18,20,0.5
 06/29  12:59:00,0.8229866977229587,0.00047870047567555307,18,20,0.5
 06/29  13:00:00,0.8280383867869595,-0.00539199745903074,18,20,0.5
 06/29  13:01:00,0.8355932331566251,-0.012766102258891632,18,20,0.5
 06/29  13:02:00,0.8429514568980513,-0.018635287711842086,18,20,0.5
 06/29  13:03:00,0.8217918371359646,0.0024350956266590007,18,20,0.5
 06/29  13:04:00,0.8566999160572626,-0.028706903722973798,18,20,0.5
 06/29  13:05:00,0.8797501380139602,-0.04531546588219282,18,20,0.5
 06/29  13:06:00,0.6330106705587863,0.18304576013551843,18,20,0.5
 06/29  13:07:00,0.2793440366625577,0.4826755802258136,18,20,0.5
 06/29  13:08:00,0.2364969410056491,0.46716939039422833,18,20,0.5
 06/29  13:09:00,0.2356348264049065,0.4092963178631658,18,20,0.5
 06/29  13:10:00,0.2352650246156405,0.3503887834352999,18,20,0.5
 06/29  13:11:00,0.2341465443573087,0.2913625948137,18,20,0.5
 06/29  13:12:00,0.2335869261077038,0.23098575998427026,18,20,0.5
 06/29  13:13:00,0.2304371828514818,0.17500003781204393,18,20,0.5
 06/29  13:14:00,0.2243494437848343,0.1178527296514486,18,20,0.5
 06/29  13:15:00,0.2194679089183487,0.05670604160837303,18,20,0.5
 06/29  13:16:00,0.2289141137235032,0.006850181119690213,18,20,0.5
 06/29  13:17:00,0.2365634902028994,-0.005077250005671802,18,20,0.5
 06/29  13:18:00,0.2557243653248433,-0.022315382695696273,18,20,0.5
 06/29  13:19:00,0.3723790581776107,-0.12529565237119325,18,20,0.5
 06/29  13:20:00,0.8887796540954225,-0.5763447853410268,18,20,0.5
 06/29  13:21:00,0.8712651153645459,-0.49511838950942655,18,20,0.5
 06/29  13:22:00,0.822752263050827,-0.38768900350139535,18,20,0.5
 06/29  13:23:00,0.7956485899888832,-0.30406418972571136,18,20,0.5
 06/29  13:24:00,0.7880937436192176,-0.2401349133726075,18,20,0.5
 06/29  13:25:00,0.788592862598595,-0.1837215369839602,18,20,0.5
 06/29  13:26:00,0.7941134210068591,-0.13272216466388875,18,20,0.5
 06/29  13:27:00,0.8042092367260821,-0.08605340573079345,18,20,0.5
 06/29  13:28:00,0.8123766382068017,-0.038555579923317373,18,20,0.5
 06/29  13:29:00,0.8235690031988989,-0.004628950413285593,18,20,0.5
 06/29  13:30:00,0.8333925722020978,-0.019991227605816952,18,20,0.5
 06/29  13:31:00,0.8453109284369258,-0.03450500253340694,18,20,0.5
 06/29  13:32:00,0.8563217956183403,-0.04215891645807024,18,20,0.5
 06/29  13:33:00,0.8652983748383536,-0.04417051719313625,18,20,0.5
 06/29  13:34:00,0.8741690803354686,-0.04443368901862621,18,20,0.5
 06/29  13:35:00,0.8747967602640794,-0.03644097918068878,18,20,0.5
 06/29  13:36:00,0.8725204752217677,-0.026323988716886015,18,20,0.5
 06/29  13:37:00,0.8822759825459606,-0.028272821459091158,18,20,0.5
 06/29  13:38:00,0.8911088759991832,-0.029232491133075467,18,20,0.5
 06/29  13:39:00,0.8940279657876627,-0.025105684662678818,18,20,0.5
 06/29  13:40:00,0.8908517541007163,-0.016183554785870413,18,20,0.5
 06/29  13:41:00,0.762063932603813,0.10427956712772157,18,20,0.5
 06/29  13:42:00,0.3095868656084335,0.5020831411221104,18,20,0.5
 06/29  13:43:00,0.2352219188856034,0.5134404422496655,18,20,0.5
 06/29  13:44:00,0.2228823364818161,0.46065135026808746,18,20,0.5
 06/29  13:45:00,0.2258982251026597,0.39274560813110193,18,20,0.5
 06/29  13:46:00,0.2146128424825875,0.33824022747725613,18,20,0.5
 06/29  13:47:00,0.2180166826737652,0.2684104572988588,18,20,0.5
 06/29  13:48:00,0.2098356688572444,0.2084641504011858,18,20,0.5
 06/29  13:49:00,0.2016743173035475,0.14739013710647114,18,20,0.5
 06/29  13:50:00,0.1978379073302428,0.08192516240272851,18,20,0.5
 06/29  13:51:00,0.2096224089296923,0.014896508435866929,18,20,0.5
 06/29  13:52:00,0.2467924043166229,-0.02855293308024473,18,20,0.5
 06/29  13:53:00,0.2238949430172498,-0.0067881693677069865,18,20,0.5
 06/29  13:54:00,0.2154144578131026,0.0009455279695688712,18,20,0.5
 06/29  13:55:00,0.2230449282705527,-0.006970272171091918,18,20,0.5
 06/29  13:56:00,0.235729356514637,-0.01754304901197129,18,20,0.5
 06/29  13:57:00,0.2373741804239486,-0.017252123146264564,18,20,0.5
 06/29  13:58:00,0.476173874902634,-0.229417997020411,18,20,0.5
 06/29  13:59:00,0.58404785492275,-0.2990546232786067,18,20,0.5
 06/29  14:00:00,0.2937723563709513,0.0008143201772628506,18,20,0.5
 06/29  14:01:00,0.2745623255919476,0.026518342622492086,18,20,0.5
 06/29  14:02:00,0.4432448783586548,-0.12251896274001195,18,20,0.5
 06/29  14:03:00,0.494799331483064,-0.1469829770178397,18,20,0.5
 06/29  14:04:00,0.4758320540258483,-0.10197393993934945,18,20,0.5
 06/29  14:05:00,0.6042470487699743,-0.19226872263353334,18,20,0.5
 06/29  14:06:00,0.83148684518993,-0.3599327701859597,18,20,0.5
 06/29  14:07:00,0.8896947055576143,-0.3529085780402774,18,20,0.5
 06/29  14:08:00,0.7996188545975664,-0.2304882291107363,18,20,0.5
 06/29  14:09:00,0.829392057958301,-0.2357270121679158,18,20,0.5
 06/29  14:10:00,0.8120741418556638,-0.1665789175168073,18,20,0.5
 06/29  14:11:00,0.845076493764794,-0.14252985260865292,18,20,0.5
 06/29  14:12:00,0.8178820717975089,-0.0778717112974825,18,20,0.5
 06/29  14:13:00,0.5020910060272398,0.23864852192720432,18,20,0.5
 06/29  14:14:00,0.4779260850165995,0.2630228460369197,18,20,0.5
 06/29  14:15:00,0.3511566704226631,0.3644832227961249,18,20,0.5
 06/29  14:16:00,0.2558430951426649,0.4022324230713966,18,20,0.5
 06/29  14:17:00,0.2548448571839102,0.339745676192781,18,20,0.5
 06/29  14:18:00,0.2850460928815046,0.2580871643235805,18,20,0.5
 06/29  14:19:00,0.4138830700354677,0.08769928837733393,18,20,0.5
 06/29  14:20:00,0.4422360530276104,0.022362496502385865,18,20,0.5
 06/29  14:21:00,0.2551223975860791,0.15048074232604575,18,20,0.5
 06/29  14:22:00,0.3580112377394447,0.0016048187668736835,18,20,0.5
 06/29  14:23:00,0.3755061142074974,-0.028548546883153225,18,20,0.5
 06/29  14:24:00,0.4142059848903073,-0.07362042757859238,18,20,0.5
 06/29  14:25:00,0.717289178949279,-0.3400903707849025,18,20,0.5
 06/29  14:26:00,0.6439988505138656,-0.22798446681236906,18,20,0.5
 06/29  14:27:00,0.4191570939175546,0.013288513457306417,18,20,0.5
 06/29  14:28:00,0.3432093350373961,0.09505259655305409,18,20,0.5
 06/29  14:29:00,0.2742552917955427,0.15004386197091496,18,20,0.5
 06/29  14:30:00,0.2265160738998586,0.17621108195382398,18,20,0.5
 06/29  14:31:00,0.1956576648794173,0.20112301770359906,18,20,0.5
 06/29  14:32:00,0.1704151006178488,0.20760596825300792,18,20,0.5
 06/29  14:33:00,0.1484455468755908,0.20686946526207528,18,20,0.5
 06/29  14:34:00,0.1297263164263081,0.19714072886495804,18,20,0.5
 06/29  14:35:00,0.1147595532128893,0.1518545295047379,18,20,0.5
 06/29  14:36:00,0.1014103892371798,0.11094484735277885,18,20,0.5
 06/29  14:37:00,0.0889551019790823,0.0903799354170291,18,20,0.5
 06/29  14:38:00,0.0783919293973516,0.07446136743475534,18,20,0.5
 06/29  14:39:00,0.0693703538451067,0.06299444919195665,18,20,0.5
 06/29  14:40:00,0.0620924428849077,0.05382999705066055,18,20,0.5
 06/29  14:41:00,0.0563781355637397,0.04561635144026079,18,20,0.5
 06/29  14:42:00,0.052041094129302,0.038115992225843796,18,20,0.5
 06/29  14:43:00,0.0490212730558937,0.03119338591728238,18,20,0.5
 06/29  14:44:00,0.0479282781151452,0.024106577026914593,18,20,0.5
 06/29  14:45:00,0.0485063486421695,0.016903186042818305,18,20,0.5
 06/29  14:46:00,0.0493434316698554,0.010859407258399983,18,20,0.5
 06/29  14:47:00,0.0504426277858023,0.005908963723125091,18,20,0.5
 06/29  14:48:00,0.0530075699711872,0.0008055855951237464,18,20,0.5
 06/29  14:49:00,0.0570918757042493,-0.0045065679520240876,18,20,0.5
 06/29  14:50:00,0.0619848298079904,-0.009410283363456937,18,20,0.5
 06/29  14:51:00,0.0666692883017098,-0.013065626583379328,18,20,0.5
 06/29  14:52:00,0.0724530185354639,-0.016808164376517234,18,20,0.5
 06/29  14:53:00,0.0786286327921169,-0.020023042659547907,18,20,0.5
 06/29  14:54:00,0.0881587803347122,-0.02553013998018651,18,20,0.5
 06/29  14:55:00,0.1041479812149765,-0.0359551776031701,18,20,0.5
 06/29  14:56:00,0.131301566174858,-0.05491294911255136,18,20,0.5
 06/29  14:57:00,0.1638010179002215,-0.07607656182647293,18,20,0.5
 06/29  14:58:00,0.2020872248228505,-0.09945480326393559,18,20,0.5
 06/29  14:59:00,0.2405299736071934,-0.1195537422579841,18,20,0.5
 06/29  15:00:00,0.296884287583281,-0.15241811045654263,18,20,0.5
 06/29  15:01:00,0.3418012145228498,-0.16982184477399742,18,20,0.5
 06/29  15:02:00,0.3477112369832039,-0.14820604538957752,18,20,0.5
 06/29  15:03:00,0.2621849311442681,-0.04432410971542661,18,20,0.5
 06/29  15:04:00,0.2432743717528907,-0.009901991182231368,18,20,0.5
 06/29  15:05:00,0.2354926531198717,0.011014194641277175,18,20,0.5
 06/29  15:06:00,0.2240265289299948,0.031752815106667776,18,20,0.5
 06/29  15:07:00,0.2020191631438446,0.05758199541718023,18,20,0.5
 06/29  15:08:00,0.1727639847844335,0.08390484977274965,18,20,0.5
 06/29  15:09:00,0.1383943493681607,0.10806092276511917,18,20,0.5
 06/29  15:10:00,0.1090310285632179,0.11863891766805564,18,20,0.5
 06/29  15:11:00,0.0851398667503573,0.116863944703667,18,20,0.5
 06/29  15:12:00,0.0689122987453963,0.10521161888484727,18,20,0.5
 06/29  15:13:00,0.0600574743067161,0.09385369763977225,18,20,0.5
 06/29  15:14:00,0.0557550687044837,0.07940417293716397,18,20,0.5
 06/29  15:15:00,0.0542866001678854,0.06275203617856362,18,20,0.5
 06/29  15:16:00,0.0538891955865782,0.046135707425529186,18,20,0.5
 06/29  15:17:00,0.052366655827214,0.03269299645323031,18,20,0.5
 06/29  15:18:00,0.0488788728985956,0.023792268193264916,18,20,0.5
 06/29  15:19:00,0.0445031119312123,0.018778905416953387,18,20,0.5
 06/29  15:20:00,0.0415080955585973,0.015021628489106306,18,20,0.5
 06/29  15:21:00,0.0401685660916715,0.01186402789016354,18,20,0.5
 06/29  15:22:00,0.0385067267626084,0.010485310020947852,18,20,0.5
 06/29  15:23:00,0.0374610725008129,0.00927132410215302,18,20,0.5
 06/29  15:24:00,0.0405292173663155,0.004680594102833613,18,20,0.5
 06/29  15:25:00,0.0506594420454803,-0.005812346388571699,18,20,0.5
 06/29  15:26:00,0.0761209380411848,-0.029050668138815544,18,20,0.5
 06/29  15:27:00,0.2133733636838005,-0.15020242299577258,18,20,0.5
 06/29  15:28:00,0.607126057791928,-0.4881303986145668,18,20,0.5
 06/29  15:29:00,0.6594012084729228,-0.4789157396413906,18,20,0.5
 06/29  15:30:00,0.660940914900214,-0.41851216413452014,18,20,0.5
 06/29  15:31:00,0.6132493401798341,-0.31351251200532393,18,20,0.5
 06/29  15:32:00,0.5622325743195723,-0.21012316138936576,18,20,0.5
 06/29  15:33:00,0.539773732729349,-0.1374330537762889,18,20,0.5
 06/29  15:34:00,0.4779517972064462,-0.03186886026937302,18,20,0.5
 06/29  15:35:00,0.513132879084646,-0.02080259844365623,18,20,0.5
 06/29  15:36:00,0.416569237633571,0.10980587296665734,18,20,0.5
 06/29  15:37:00,0.3489136599789765,0.19101548025076953,18,20,0.5
 06/29  15:38:00,0.4510666777581995,0.07325652446817371,18,20,0.5
 06/29  15:39:00,0.444814078180182,0.05805041101691705,18,20,0.5
 06/29  15:40:00,0.4004061013514025,0.07640490649081544,18,20,0.5
 06/29  15:41:00,0.3789704536689026,0.0744126655222222,18,20,0.5
 06/29  15:42:00,0.4644634849092133,-0.02085727465912446,18,20,0.5
 06/29  15:43:00,0.4480356643197992,-0.013603260910665271,18,20,0.5
 06/29  15:44:00,0.4280164558015019,0.0014224134671375066,18,20,0.5
 06/29  15:45:00,0.3527357013756022,0.06066345012213287,18,20,0.5
 06/29  15:46:00,0.2444896508435867,0.1517015419751499,18,20,0.5
 06/29  15:47:00,0.2710284119697806,0.11737425604803642,18,20,0.5
 06/29  15:48:00,0.2763251230782028,0.09460338947161456,18,20,0.5
 06/29  15:49:00,0.3202816241029093,0.038193643039180825,18,20,0.5
 06/29  15:50:00,0.3110532166705739,0.03848676200343332,18,20,0.5
 06/29  15:51:00,0.3752444548637632,-0.026077076070269878,18,20,0.5
 06/29  15:52:00,0.5280489741592492,-0.17252304644075234,18,20,0.5
 06/29  15:53:00,0.5999788252554203,-0.2292585814433613,18,20,0.5
 06/29  15:54:00,0.581438067653309,-0.1953756626560692,18,20,0.5
 06/29  15:55:00,0.5495731020244569,-0.14382695696233172,18,20,0.5
 06/29  15:56:00,0.5141689290872928,-0.08145485620079707,18,20,0.5
 06/29  15:57:00,0.503125543548131,-0.04720175750380018,18,20,0.5
 06/29  15:58:00,0.489690924353225,-0.012430558181391882,18,20,0.5
 06/29  15:59:00,0.4857493968979,0.008057746553432166,18,20,0.5
 06/29  16:00:00,0.4939357044005656,0.018159687823765702,18,20,0.0
 06/29  16:01:00,0.4884022898973781,0.035008885830314695,18,20,0.0
 06/29  16:02:00,0.482453699152254,0.036397949074739255,18,20,0.0
 06/29  16:03:00,0.4697186027693542,0.036107023209032585,18,20,0.0
 06/29  16:04:00,0.4657105261167787,0.02854234570795494,18,20,0.0
 06/29  16:05:00,0.4668199314845764,0.019157623286169212,18,20,0.0
 06/29  16:06:00,0.4661930077968435,0.014986954844857125,18,20,0.0
 06/29  16:07:00,0.4591682862825467,0.017615950632595523,18,20,0.0
 06/29  16:08:00,0.4481347318747968,0.024493885792502557,18,20,0.0
 06/29  16:09:00,0.4485915013650148,0.02032132674899606,18,20,0.0
 06/29  16:10:00,0.447774004976065,0.01652265319549573,18,20,0.0
 06/29  16:11:00,0.4478193794287356,0.012418987695960892,18,20,0.0
 06/29  16:12:00,0.4485476393940998,0.008300121754781342,18,20,0.0
 06/29  16:13:00,0.4482360681524279,0.006463439534760584,18,20,0.0
 06/29  16:14:00,0.449713006586858,0.003386749147338497,18,20,0.0
 06/29  16:15:00,0.4515695779419661,5.142437969229974e-06,18,20,0.0
 06/29  16:16:00,0.4543775003214024,-0.003984330689010995,18,20,0.0
 06/29  16:17:00,0.4574281760226267,-0.007209017416227315,18,20,0.0
 06/29  16:18:00,0.457937126133416,-0.006737728101154694,18,20,0.0
 06/29  16:19:00,0.4601854302632475,-0.007826639341162955,18,20,0.0
 06/29  16:20:00,0.4636346449070958,-0.009689789991908226,18,20,0.0
 06/29  16:21:00,0.4724993004771879,-0.016086453457155148,18,20,0.0
 06/29  16:22:00,0.4814743672154455,-0.021768847413278114,18,20,0.0
 06/29  16:23:00,0.4851602852540592,-0.021762343741728696,18,20,0.0
 06/29  16:24:00,0.4813609310837689,-0.014798197121747236,18,20,0.0
 06/29  16:25:00,0.4721083239433424,-0.003491715381183147,18,20,0.0
 06/29  16:26:00,0.4614612086241709,0.007863770768265166,18,20,0.0
 06/29  16:27:00,0.4540266045540826,0.014958217691498965,18,20,0.0
 06/29  16:28:00,0.4488766041759621,0.019202165873874133,18,20,0.0
 06/29  16:29:00,0.4381924330537762,0.027687037275112958,18,20,0.0
 06/29  16:30:00,0.4287091724456074,0.03367775063713291,18,20,0.0
 06/29  16:31:00,0.4242972631642631,0.03326945618718474,18,20,0.0
 06/29  16:32:00,0.4241452587478164,0.027688549756868575,18,20,0.0
 06/29  16:33:00,0.4214235478284543,0.024036586933670168,18,20,0.0
 06/29  16:34:00,0.4182654859225761,0.020885104323429105,18,20,0.0
 06/29  16:35:00,0.4115477982046842,0.021546739467455167,18,20,0.0
 06/29  16:36:00,0.3895578259587244,0.03634637344687025,18,20,0.0
 06/29  16:37:00,0.3724872006231425,0.045263058389358124,18,20,0.0
 06/29  16:38:00,0.3939644415539238,0.018294601196373106,18,20,0.0
 06/29  16:39:00,0.3408589383890557,0.06166675489476914,18,20,0.0
 06/29  16:40:00,0.1358601861865041,0.23738060847141038,18,20,0.0
 06/29  16:41:00,0.1380313537467954,0.20658284996937223,18,20,0.0
 06/29  16:42:00,0.1545302609787269,0.1631224429605318,18,20,0.0
 06/29  16:43:00,0.1771804315110449,0.1160479607964729,18,20,0.0
 06/29  16:44:00,0.1995394493053927,0.07181633934040677,18,20,0.0
 06/29  16:45:00,0.1980284800314596,0.051975376797017386,18,20,0.0
 06/29  16:46:00,0.1869389637987492,0.04280300681373028,18,20,0.0
 06/29  16:47:00,0.1784070542149085,0.03192690175674759,18,20,0.0
 06/29  16:48:00,0.1824211807945066,0.006758449101207764,18,20,0.0
 06/29  16:49:00,0.1920443459650768,-0.017746175311760315,18,20,0.0
 06/29  16:50:00,0.1991189793773112,-0.01849492940491404,18,20,0.0
 06/29  16:51:00,0.2017650662088888,-0.01476764499028227,18,20,0.0
 06/29  16:52:00,0.2024608078165057,-0.010670331914121312,18,20,0.0
 06/29  16:53:00,0.2030204260661105,-0.00864595070821958,18,20,0.0
 06/29  16:54:00,0.2021159619762086,-0.0074838353512360345,18,20,0.0
 06/29  16:55:00,0.1977123713445206,-0.003111855588241952,18,20,0.0
 06/29  16:56:00,0.1923128114767115,0.002825089047363366,18,20,0.0
 06/29  16:57:00,0.2144192448178594,-0.01568012523348941,18,20,0.0
 06/29  16:58:00,0.2775804829354246,-0.0693254331369628,18,20,0.0
 06/29  16:59:00,0.2923150801993451,-0.07403295697745649,18,20,0.0
 06/29  17:00:00,0.2698108641564511,-0.04445955245664854,18,20,0.0
 06/29  17:01:00,0.2498090491783443,-0.01965333918159612,18,20,0.0
 06/29  17:02:00,0.1972162773286547,0.03241497961930834,18,20,0.0
 06/29  17:03:00,0.1557848645950708,0.0691228362057883,18,20,0.0
 06/29  17:04:00,0.1345133211830632,0.08363411553848132,18,20,0.0
 06/29  17:05:00,0.1151127177028427,0.09477475365453406,18,20,0.0
 06/29  17:06:00,0.1021552865018565,0.09871643235803475,18,20,0.0
 06/29  17:07:00,0.0862825467167802,0.10177550233300311,18,20,0.0
 06/29  17:08:00,0.0779238162939659,0.09016856609167155,18,20,0.0
 06/29  17:09:00,0.0745163461465746,0.07179616283378579,18,20,0.0
 06/29  17:10:00,0.0739599797327444,0.05276744080524534,18,20,0.0
 06/29  17:11:00,0.0758343227484818,0.0334956251465217,18,20,0.0
 06/29  17:12:00,0.0817337578365461,0.016047938109246526,18,20,0.0
 06/29  17:13:00,0.1179327399363245,-0.023936256456406513,18,20,0.0
 06/29  17:14:00,0.1434218387240704,-0.0485345034900517,18,20,0.0
 06/29  17:15:00,0.162895041328564,-0.06322947373197316,18,20,0.0
 06/29  17:16:00,0.170589036019753,-0.0640800934713725,18,20,0.0
 06/29  17:17:00,0.1781695945792654,-0.06247194724463638,18,20,0.0
 06/29  17:18:00,0.1841287726966793,-0.057810629721778944,18,20,0.0
 06/29  17:19:00,0.1914370845401677,-0.05342686772590802,18,20,0.0
 06/29  17:20:00,0.1928285677554014,-0.04293149213887601,18,20,0.0
 06/29  17:21:00,0.1894678332942609,-0.028207406623157655,18,20,0.0
 06/29  17:22:00,0.1820362541876838,-0.010745577881466767,18,20,0.0
 06/29  17:23:00,0.1695423986448163,0.00690924353224992,18,20,0.0
 06/29  17:24:00,0.152658564806062,0.024716749979203367,18,20,0.0
 06/29  17:25:00,0.1351773006738106,0.039426240045979444,18,20,0.0
 06/29  17:26:00,0.1201674317303547,0.04939394856049549,18,20,0.0
 06/29  17:27:00,0.1069059916964751,0.05552902830609607,18,20,0.0
 06/29  17:28:00,0.0956017030544569,0.05798060998389207,18,20,0.0
 06/29  17:29:00,0.0834436184613523,0.059339347969115094,18,20,0.0
 06/29  17:30:00,0.0713076917259685,0.05932318710155561,18,20,0.0
 06/29  17:31:00,0.0597819001308296,0.05788038538035139,18,20,0.0
 06/29  17:32:00,0.0494257106773649,0.054975520482784174,18,20,0.0
 06/29  17:33:00,0.0411464611708121,0.05041517624193657,18,20,0.0
 06/29  17:34:00,0.0348619482277495,0.044920027527167915,18,20,0.0
 06/29  17:35:00,0.0299652129196191,0.039295554059879174,18,20,0.0
 06/29  17:36:00,0.0260105268730195,0.03383454962074525,18,20,0.0
 06/29  17:37:00,0.0229252153395899,0.02852178351848633,18,20,0.0
 06/29  17:38:00,0.0206522577571408,0.023299796571203818,18,20,0.0
 06/29  17:39:00,0.0191222312130859,0.01839768439043208,18,20,0.0
 06/29  17:40:00,0.0185848464452897,0.013662784630160404,18,20,0.0
 06/29  17:41:00,0.0186575211936506,0.0094776719880816,18,20,0.0
 06/29  17:42:00,0.0186069286789228,0.0064463863029651895,18,20,0.0
 06/29  17:43:00,0.018227598254596,0.004533830435670377,18,20,0.0
 06/29  17:44:00,0.0177470828008137,0.003302859346759099,18,20,0.0
 06/29  17:45:00,0.0171875401752966,0.002584634697843948,18,20,0.0
 06/29  17:46:00,0.0168904131343915,0.001969750364886249,18,20,0.0
 06/29  17:47:00,0.0171338470729696,0.0011471795996461191,18,20,0.0
 06/29  17:48:00,0.0169726165178132,0.0009404460308697592,18,20,0.0
 06/29  17:49:00,0.0162802779941466,0.0013485892326424304,18,20,0.0
 06/29  17:50:00,0.0160811597710102,0.0012973387883508831,18,20,0.0
 06/29  17:51:00,0.0162423903261666,0.0008945951464460825,18,20,0.0
 06/29  17:52:00,0.0169252002147724,4.3612411425243e-05,18,20,0.0
 06/29  17:53:00,0.0175258067199564,-0.0006271732472227197,18,20,0.0
 06/29  17:54:00,0.0181137840024804,-0.0011784804095800495,18,20,0.0
 06/29  17:55:00,0.0202065293837393,-0.0029693268699946818,18,20,0.0
 06/29  17:56:00,0.0252708476703999,-0.0071956017030544404,18,20,0.0
 06/29  17:57:00,0.0325384737546603,-0.012922765119145765,18,20,0.0
 06/29  17:58:00,0.0421106682900637,-0.01998115447732412,18,20,0.0
 06/29  17:59:00,0.0528619936022021,-0.02707430822865697,18,20,0.0
 06/29  18:00:00,0.0653456398932187,-0.034631506507452725,18,20,0.0
 06/29  18:01:00,0.0749399166622552,-0.038356030642880366,18,20,0.0
 06/29  18:02:00,0.0820649913410419,-0.038967126209040116,18,20,0.0
 06/29  18:03:00,0.1142657279196569,-0.06149387066768506,18,20,0.0
 06/29  18:04:00,0.0924307850536553,-0.03222722769656597,18,20,0.0
 06/29  18:05:00,0.0811930456088873,-0.014890836629283158,18,20,0.0
 06/29  18:06:00,0.082147421596727,-0.010157555224490161,18,20,0.0
 06/29  18:07:00,0.0776651819137431,-0.001162644725597975,18,20,0.0
 06/29  18:08:00,0.0701633480296144,0.009144457132485795,18,20,0.0
 06/29  18:09:00,0.0646849122382461,0.015805184787458487,18,20,0.0
 06/29  18:10:00,0.061150696119728,0.01891990652862751,18,20,0.0
 06/29  18:11:00,0.0595257613455037,0.01900342577117666,18,20,0.0
 06/29  18:12:00,0.0578250512353194,0.018280141870788726,18,20,0.0
 06/29  18:13:00,0.0551411523598496,0.01505158319027778,18,20,0.0
 06/29  18:14:00,0.0523087277759712,0.013871802046387771,18,20,0.0
 06/29  18:15:00,0.0500042349489159,0.013057413807445933,18,20,0.0
 06/29  18:16:00,0.0466848668637934,0.012830526419275082,18,20,0.0
 06/29  18:17:00,0.0434162425415743,0.0126742568042773,18,20,0.0
 06/29  18:18:00,0.0404762805048664,0.012645512088510405,18,20,0.0
 06/29  18:19:00,0.0367808338311919,0.013550550921479484,18,20,0.0
 06/29  18:20:00,0.0334014202203686,0.01415503694236684,18,20,0.0
 06/29  18:21:00,0.030916715192123,0.013778837355274371,18,20,0.0
 06/29  18:22:00,0.0289030726066866,0.012900282077847491,18,20,0.0
 06/29  18:23:00,0.0269527273827259,0.012031784804095818,18,20,0.0
 06/29  18:24:00,0.024395498854295,0.0117976904403591,18,20,0.0
 06/29  18:25:00,0.0225936793387429,0.010858454394893899,18,20,0.0
 06/29  18:26:00,0.0214272534087557,0.009499118979377327,18,20,0.0
 06/29  18:27:00,0.0198783208427548,0.00869425937549628,18,20,0.0
 06/29  18:28:00,0.0185347076750886,0.007843715260184698,18,20,0.0
 06/29  18:29:00,0.01978666444836,0.004892341548630108,18,20,0.0
 06/29  18:30:00,0.0234190406328223,0.0002617274054131785,18,20,0.0
 06/29  18:31:00,0.0174851965848161,0.0048524195926886865,18,20,0.0
 06/29  18:32:00,0.0159140305370066,0.005124681433530186,18,20,0.0
 06/29  18:33:00,0.0160119637306875,0.0039326718746454485,18,20,0.0
 06/29  18:34:00,0.0178518221623951,0.001438445773747861,18,20,0.0
 06/29  18:35:00,0.0223882086922326,-0.0031184878207406695,18,20,0.0
 06/29  18:36:00,0.0284577979778118,-0.00848502264941426,18,20,0.0
 06/29  18:37:00,0.0348688300197378,-0.013397003773641957,18,20,0.0
 06/29  18:38:00,0.0387350358836296,-0.015243176816679659,18,20,0.0
 06/29  18:39:00,0.0382702502401064,-0.01293003259398182,18,20,0.0
 06/29  18:40:00,0.0357537830949914,-0.009180091202649912,18,20,0.0
 06/29  18:41:00,0.0322985185241203,-0.004243494437848393,18,20,0.0
 06/29  18:42:00,0.0276925578335211,0.001540318982402259,18,20,0.0
 06/29  18:43:00,0.0235987234653982,0.006392829323996225,18,20,0.0
 06/29  18:44:00,0.0208390492539683,0.00945122624458345,18,20,0.0
 06/29  18:45:00,0.018850665113852,0.011085856026861692,18,20,0.0
 06/29  18:46:00,0.0168591047620488,0.011917547057088595,18,20,0.0
 06/29  18:47:00,0.0155028623717226,0.011337192682613264,18,20,0.0
 06/29  18:48:00,0.015035051764688,0.009435004877753709,18,20,0.0
 06/29  18:49:00,0.0147537301581299,0.007364674476114162,18,20,0.0
 06/29  18:50:00,0.0143301596424493,0.005645882646540548,18,20,0.0
 06/29  18:51:00,0.0138370149660069,0.0042928769671716095,18,20,0.0
 06/29  18:52:00,0.0133406940778776,0.00335401147973656,18,20,0.0
 06/29  18:53:00,0.0130846309166395,0.0025586653860987865,18,20,0.0
 06/29  18:54:00,0.0131162417853334,0.001754773770541401,18,20,0.0
 06/29  18:55:00,0.0137990516739391,0.0005668025379444112,18,20,0.0
 06/29  18:56:00,0.0142164210144215,-0.00011483517730071988,18,20,0.0
 06/29  18:57:00,0.014874048081795,-0.0008353436736669804,18,20,0.0
 06/29  18:58:00,0.0148962815636036,-0.0008714541755840185,18,20,0.0
 06/29  18:59:00,0.0154273895321137,-0.0013351962066957372,18,20,0.0
 06/29  19:00:00,0.0175013045155142,-0.0030919967027897496,18,20,0.0
 06/29  19:01:00,0.0185224565728675,-0.003644604599456992,18,20,0.0
 06/29  19:02:00,0.0186679573177648,-0.00325737902036557,18,20,0.0
 06/29  19:03:00,0.0199609779707032,-0.0038627649678976,18,20,0.0
 06/29  19:04:00,0.0221329017718723,-0.005133022770412811,18,20,0.0
 06/29  19:05:00,0.0232078225556404,-0.005267066466010783,18,20,0.0
 06/29  19:06:00,0.0237958754622522,-0.004897173927839508,18,20,0.0
 06/29  19:07:00,0.0230689011063804,-0.0033507142695091696,18,20,0.0
 06/29  19:08:00,0.0207926916881565,-0.00048486383882997974,18,20,0.0
 06/29  19:09:00,0.0179031709180008,0.0026522350699144277,18,20,0.0
 06/29  19:10:00,0.0154120378422935,0.00493444147829966,18,20,0.0
 06/29  19:11:00,0.013047272617274,0.006751688307759811,18,20,0.0
 06/29  19:12:00,0.0108468385350101,0.008170010511748243,18,20,0.0
 06/29  19:13:00,0.0089847466214938,0.008934479290343602,18,20,0.0
 06/29  19:14:00,0.0077201606255624,0.008757791171644009,18,20,0.0
 06/29  19:15:00,0.0070277994146695,0.00783215006843982,18,20,0.0
 06/29  19:16:00,0.0066073219241792,0.006533772205122819,18,20,0.0
 06/29  19:17:00,0.0061552486898126,0.00529448019783264,18,20,0.0
 06/29  19:18:00,0.0055735633313923,0.004354252720576521,18,20,0.0
 06/29  19:19:00,0.0049570833301823,0.00367612396300467,18,20,0.0
 06/29  19:20:00,0.0042773967164021,0.003242346464195729,18,20,0.0
 06/29  19:21:00,0.0037747460921252,0.00281774443595775,18,20,0.0
 06/29  19:22:00,0.0033574599381394,0.0024860927302564795,18,20,0.0
 06/29  19:23:00,0.0030286842164966,0.0022192622113995602,18,20,0.0
 06/29  19:24:00,0.0027473399227121,0.0020033244348990308,18,20,0.0
 06/29  19:25:00,0.0025639741970612,0.0017403076387891006,18,20,0.0
 06/29  19:26:00,0.0022920980390674,0.0015806614082717195,18,20,0.0
 06/29  19:27:00,0.0020233829679429,0.0014361899072092496,18,20,0.0
 06/29  19:28:00,0.0018178896342062,0.00126611587122734,18,20,0.0
 06/29  19:29:00,0.0015649799974287,0.00117981517472948,18,20,0.0
 06/29  19:30:00,0.0013468347538057,0.00110490422209284,18,20,0.0
 06/29  19:31:00,0.0011413262952515,0.0010470707009596705,18,20,0.0
 06/29  19:32:00,0.0009136902286116,0.0010303297966467897,18,20,0.0
 06/29  19:33:00,0.0007556147103975,0.00096109836425098,18,20,0.0
 06/29  19:34:00,0.0005311450243131,0.0009639485604954798,18,20,0.0
 06/29  19:35:00,0.0003762252992823,0.0009000933957483899,18,20,0.0
 06/29  19:36:00,0.000173887002488,0.00089061058888475,18,20,0.0
 06/29  19:37:00,0.0,0.0008621592945784601,18,20,0.0
 06/29  19:38:00,-0.000113817277079,0.00078280588052894,18,20,0.0
 06/29  19:39:00,-0.0002750614445713,0.0007600459038212401,18,20,0.0
 06/29  19:40:00,-0.0003793999984875,0.00069176098250812,18,20,0.0
 06/29  19:41:00,-0.0005469731458864,0.00069050418579323,18,20,0.0
 06/29  19:42:00,-0.0007524891668494,0.00072940226721013,18,20,0.0
 06/29  19:43:00,-0.0007935991772099,0.0006155908888098901,18,20,0.0
 06/29  19:44:00,-0.000872649036171,0.00055426134172258,18,20,0.0
 06/29  19:45:00,-0.0010592060983264,0.00059727526411711,18,20,0.0
 06/29  19:46:00,-0.001138271082105,0.00054512443943641,18,20,0.0
 06/29  19:47:00,-0.001138271082105,0.00043129733122590995,18,20,0.0
 06/29  19:48:00,-0.0011540840788607,0.00034308364780344,18,20,0.0
 06/29  19:49:00,-0.0012963859248447,0.0003832530457601,18,20,0.0
 06/29  19:50:00,-0.0014450099445675,0.00042531607087490015,18,20,0.0
 06/29  19:51:00,-0.0014481710314369,0.00033835736918925,18,20,0.0
 06/29  19:52:00,-0.0013375178661907,0.00016920133400892003,18,20,0.0
 06/29  19:53:00,-0.0013723125089803,0.0001461246436214802,18,20,0.0
 06/29  19:54:00,-0.0013280497304001,5.632179561837003e-05,18,20,0.0
 06/29  19:55:00,-0.001508277056408,0.00019164202581810992,18,20,0.0
 06/29  19:56:00,-0.0015209365287031,0.00016603495345340002,18,20,0.0
 06/29  19:57:00,-0.0014071071517699,2.532196955370991e-05,18,20,0.0
 06/29  19:58:00,-0.0012774723404898,-0.00011665166788930002,18,20,0.0
 06/29  19:59:00,-0.0013280724176264,-6.922024003087001e-05,18,20,0.0
 06/29  20:00:00,-0.001324911330757,-6.0371465519219996e-05,18,20,0.0
 06/29  20:01:00,-0.0013280799800352,-4.519371110085009e-05,18,20,0.0
 06/29  20:02:00,-0.0013280799800352,-4.4249922485300065e-05,18,20,0.0
 06/29  20:03:00,-0.001328087542444,-3.981986342286984e-05,18,20,0.0
 06/29  20:04:00,-0.0013375783654609,-3.128190391205022e-05,18,20,0.0
 06/29  20:05:00,-0.0013375783654609,-1.4212034817340192e-05,18,20,0.0
 06/29  20:06:00,-0.0013628821852336,2.6897219302310154e-05,18,20,0.0
 06/29  20:07:00,-0.0013281026672615,1.814978105004264e-08,18,20,0.0
 06/29  20:08:00,-0.0013312637541309,-2.199904713659929e-06,18,20,0.0
 06/29  20:09:00,-0.0013692119213811,3.1634312161070216e-05,18,20,0.0
 06/29  20:10:00,-0.0014324563459953,8.412423525144016e-05,18,20,0.0
 06/29  20:11:00,-0.0014229730853871,6.515166410805029e-05,18,20,0.0
 06/29  20:12:00,-0.0014166357868308,4.995878487218993e-05,18,20,0.0
 06/29  20:13:00,-0.001366043272103,-4.42930282150986e-06,18,20,0.0
 06/29  20:14:00,-0.001350237837756,-2.1500684398020062e-05,18,20,0.0
 06/29  20:15:00,-0.0013281026672615,-4.268828507258005e-05,18,20,0.0
 06/29  20:16:00,-0.0013281026672615,-3.9210333275369784e-05,18,20,0.0
 06/29  20:17:00,-0.0013280951048527,-3.921713944329006e-05,18,20,0.0
 06/29  20:18:00,-0.0013280951048527,-3.890027451547017e-05,18,20,0.0
 06/29  20:19:00,-0.0013280951048527,-3.478859286263009e-05,18,20,0.0
 06/29  20:20:00,-0.0013281026672615,-2.4345662580449977e-05,18,20,0.0
 06/29  20:21:00,-0.0012458841590223,-8.885527818317017e-05,18,20,0.0
 06/29  20:22:00,-0.0012269176378059,-8.884998449708e-05,18,20,0.0
 06/29  20:23:00,-0.0013281026672615,1.6129105442670147e-05,18,20,0.0
 06/29  20:24:00,-0.0013281102296703,1.834942866004016e-05,18,20,0.0
 06/29  20:25:00,-0.0013281102296703,1.834867241916013e-05,18,20,0.0
 06/29  20:26:00,-0.0013281102296703,1.8347916178280098e-05,18,20,0.0
 06/29  20:27:00,-0.0013281102296703,1.8346403696520254e-05,18,20,0.0
 06/29  20:28:00,-0.0013344324034091,2.403484757967987e-05,18,20,0.0
 06/29  20:29:00,-0.0014324639084041,0.00011162947221953997,18,20,0.0
 06/29  20:30:00,-0.0015178435035127,0.00017803498370301996,18,20,0.0
 06/29  20:31:00,-0.0015178435035127,0.00015083904925397985,18,20,0.0
 06/29  20:32:00,-0.0015178435035127,0.00012174646268329993,18,20,0.0
 06/29  20:33:00,-0.0015178435035127,0.00010277237905817992,18,20,0.0
 06/29  20:34:00,-0.0014704120756543,4.111076660138005e-05,18,20,0.0
 06/29  20:35:00,-0.0015178435035127,6.956886707553994e-05,18,20,0.0
 06/29  20:36:00,-0.0015210197151996,5.3454130209510146e-05,18,20,0.0
 06/29  20:37:00,-0.0017012772908426,0.00019639499973527993,18,20,0.0
 06/29  20:38:00,-0.0016886480681826,0.00014834421059793006,18,20,0.0
 06/29  20:39:00,-0.0016823485816702,0.00011705625675892005,18,20,0.0
 06/29  20:40:00,-0.0016981767032435,0.00011485105835914002,18,20,0.0
 06/29  20:41:00,-0.0016665658345496,6.836795656154997e-05,18,20,0.0
 06/29  20:42:00,-0.001521110464105,-7.741410994227993e-05,18,20,0.0
 06/29  20:43:00,-0.0015179645020531,-8.057217184822022e-05,18,20,0.0
 06/29  20:44:00,-0.0015179796268707,-8.531380215226004e-05,18,20,0.0
 06/29  20:45:00,-0.0015179871892795,-8.532060832013976e-05,18,20,0.0
 06/29  20:46:00,-0.001518002314097,-8.500374339238015e-05,18,20,0.0
 06/29  20:47:00,-0.0015180098765058,-6.666943954989984e-05,18,20,0.0
 06/29  20:48:00,-0.0015180174389146,-4.959881421430002e-05,18,20,0.0
 06/29  20:49:00,-0.0015085341783064,-4.170063448611988e-05,18,20,0.0
 06/29  20:50:00,-0.0015180325637322,-1.4187835109190057e-05,18,20,0.0
 06/29  20:51:00,-0.0015180401261409,6.72298140380178e-07,18,20,0.0
 06/29  20:52:00,-0.0015180476885497,9.861381047100888e-07,18,20,0.0
 06/29  20:53:00,-0.0015180552509585,9.84625622969977e-07,18,20,0.0
 06/29  20:54:00,-0.0015180552509585,9.770632141900548e-07,18,20,0.0
 06/29  20:55:00,-0.0015180628133673,9.77063214210221e-07,18,20,0.0
 06/29  20:56:00,-0.001518070375776,9.778194550100205e-07,18,20,0.0
 06/29  20:57:00,-0.0015275687612018,9.520316411210008e-06,18,20,0.0
 06/29  20:58:00,-0.0015686855777302,4.557031905804993e-05,18,20,0.0
 06/29  20:59:00,-0.0015465504072357,1.9633525670620117e-05,18,20,0.0
 06/29  21:00:00,-0.0015750153138777,4.2400157298069915e-05,18,20,0.0
 06/29  21:01:00,-0.0015180855005936,-1.4534193431300132e-05,18,20,0.0
 06/29  21:02:00,-0.0015212541498718,-1.1686190285310196e-05,18,20,0.0
 06/29  21:03:00,-0.0015244152367412,-9.161101994179747e-06,18,20,0.0
 06/29  21:04:00,-0.0016161396928149,7.275490989388004e-05,18,20,0.0
 06/29  21:05:00,-0.0016382824257182,8.287568156209002e-05,18,20,0.0
 06/29  21:06:00,-0.0016446121618657,7.655123910062017e-05,18,20,0.0
 06/29  21:07:00,-0.001666754894769,8.477535864720009e-05,18,20,0.0
 06/29  21:08:00,-0.0016699159816384,7.781340512578007e-05,18,20,0.0
 06/29  21:09:00,-0.0016604327210303,5.694191313822001e-05,18,20,0.0
 06/29  21:10:00,-0.0017047181868368,8.825709164880986e-05,18,20,0.0
 06/29  21:11:00,-0.0016825981411599,4.968578191527997e-05,18,20,0.0
 06/29  21:12:00,-0.0017047408740632,5.3479842399440074e-05,18,20,0.0
 06/29  21:13:00,-0.0017078943985238,3.828545068177997e-05,18,20,0.0
 06/29  21:14:00,-0.0017078943985238,2.9109980110890053e-05,18,20,0.0
 06/29  21:15:00,-0.0017078943985238,2.2148782830329903e-05,18,20,0.0
 06/29  21:16:00,-0.0017079095233413,1.5834171500269875e-05,18,20,0.0
 06/29  21:17:00,-0.0017079170857501,1.1725514810959894e-05,18,20,0.0
 06/29  21:18:00,-0.0016762986546474,-2.0531183592639854e-05,18,20,0.0
 06/29  21:19:00,-0.0016351894005278,-5.911610566198991e-05,18,20,0.0
 06/29  21:20:00,-0.0015181686870902,-0.0001574818691249299,18,20,0.0
 06/29  21:21:00,-0.0015086778640732,-0.00014958066443326,18,20,0.0
 06/29  21:22:00,-0.0014644075230842,-0.0001698176703243601,18,20,0.0
 06/29  21:23:00,-0.0014486020887373,-0.00015969387369260983,18,20,0.0
 06/29  21:24:00,-0.0013315813752996,-0.0002390832848078899,18,20,0.0
 06/29  21:25:00,-0.001328427850839,-0.00020429015450001,18,20,0.0
 06/29  21:26:00,-0.0014359653036685,-6.955827970322992e-05,18,20,0.0
 06/29  21:27:00,-0.0015150605370822,2.8822608577259946e-05,18,20,0.0
 06/29  21:28:00,-0.0015182367487692,4.780501085207981e-05,18,20,0.0
 06/29  21:29:00,-0.0015119145750304,5.381031966302007e-05,18,20,0.0
 06/29  21:30:00,-0.0014486625880075,-2.4910574516101743e-06,18,20,0.0
 06/29  21:31:00,-0.0013727586910982,-6.480303706341006e-05,18,20,0.0
 06/29  21:32:00,-0.0013379716107174,-8.69465262075301e-05,18,20,0.0
 06/29  21:33:00,-0.0013316418745698,-8.158024093838008e-05,18,20,0.0
 06/29  21:34:00,-0.0013221510515529,-9.012803158060996e-05,18,20,0.0
 06/29  21:35:00,-0.0011734892197862,-0.00022329600024202992,18,20,0.0
 06/29  21:36:00,-0.0011387021394054,-0.00022835676419651996,18,20,0.0
 06/29  21:37:00,-0.0011387097018142,-0.00019071411826091997,18,20,0.0
 06/29  21:38:00,-0.0011703432577344,-0.00012429121323724005,18,20,0.0
 06/29  21:39:00,-0.0012842180091202,1.2353194739580034e-05,18,20,0.0
 06/29  21:40:00,-0.0013285034749268,6.865457185424996e-05,18,20,0.0
 06/29  21:41:00,-0.0013632905553076,0.00010438846581411012,18,20,0.0
 06/29  21:42:00,-0.0015182745608131,0.00024134217631004,18,20,0.0
 06/29  21:43:00,-0.0015182821232218,0.0002226857138535401,18,20,0.0
 06/29  21:44:00,-0.0015182896856306,0.00020307941285457008,18,20,0.0
 06/29  21:45:00,-0.0015625751514372,0.00020845628549607002,18,20,0.0
 06/29  21:46:00,-0.001629003350147,0.00022585436313170997,18,20,0.0
 06/29  21:47:00,-0.0016827872013793,0.00022523046440750018,18,20,0.0
 06/29  21:48:00,-0.0016353482111122,0.00013129097880261995,18,20,0.0
 06/29  21:49:00,-0.0015752497485499,4.20893422973499e-05,18,20,0.0
 06/29  21:50:00,-0.0015214810221351,-3.097713883828002e-05,18,20,0.0
 06/29  21:51:00,-0.0015183199352657,-4.9641163703490225e-05,18,20,0.0
 06/29  21:52:00,-0.001518312372857,-4.9652507316580094e-05,18,20,0.0
 06/29  21:53:00,-0.001518312372857,-4.96555322801e-05,18,20,0.0
 06/29  21:54:00,-0.001518312372857,-4.9657801002739874e-05,18,20,0.0
 06/29  21:55:00,-0.0014803490807892,-7.939848600574005e-05,18,20,0.0
 06/29  21:56:00,-0.0014360636149826,-0.0001043899782959001,18,20,0.0
 06/29  21:57:00,-0.0013664743294034,-0.00014234797667751005,18,20,0.0
 06/29  21:58:00,-0.0013348483358919,-0.00014392398266697992,18,20,0.0
 06/29  21:59:00,-0.0013285185997443,-0.00012558060393402012,18,20,0.0
 06/29  22:00:00,-0.0013316948114313,-0.00010342577117663978,18,20,0.0
 06/29  22:01:00,-0.0013348634607095,-8.191147444281993e-05,18,20,0.0
 06/29  22:02:00,-0.0013285337245619,-6.926334576090988e-05,18,20,0.0
 06/29  22:03:00,-0.0013285412869707,-5.027867476348007e-05,18,20,0.0
 06/29  22:04:00,-0.0013285488493795,-3.129476000693007e-05,18,20,0.0
 06/29  22:05:00,-0.0013190655887713,-2.4649671413339925e-05,18,20,0.0
 06/29  22:06:00,-0.0012652968623565,-6.134172256553011e-05,18,20,0.0
 06/29  22:07:00,-0.0011925464899079,-0.00011669931106458018,18,20,0.0
 06/29  22:08:00,-0.0011514296733795,-0.00013947426134174002,18,20,0.0
 06/29  22:09:00,-0.0011482685865101,-0.00012461034688771998,18,20,0.0
 06/29  22:10:00,-0.0011482837113277,-0.0001062541120597602,18,20,0.0
 06/29  22:11:00,-0.0011419615375889,-9.328609348649994e-05,18,20,0.0
 06/29  22:12:00,-0.0011514599230146,-6.608032790607018e-05,18,20,0.0
 06/29  22:13:00,-0.0011799399544742,-2.2740163196819816e-05,18,20,0.0
 06/29  22:14:00,-0.0011831086037524,-5.027489355909857e-06,18,20,0.0
 06/29  22:15:00,-0.0012305627188372,5.127691272230014e-05,18,20,0.0
 06/29  22:16:00,-0.0012274091943765,5.191215505960002e-05,18,20,0.0
 06/29  22:17:00,-0.0013191563376766,0.00013099831358283007,18,20,0.0
 06/29  22:18:00,-0.0013286547231024,0.00012277419403634014,18,20,0.0
 06/29  22:19:00,-0.0013286622855111,0.00010474238654494005,18,20,0.0
 06/29  22:20:00,-0.0013286698479199,8.671133529452018e-05,18,20,0.0
 06/29  22:21:00,-0.0013286698479199,6.804050426142006e-05,18,20,0.0
 06/29  22:22:00,-0.0013286774103287,5.032631793880989e-05,18,20,0.0
 06/29  22:23:00,-0.0013286849727375,3.545937852127991e-05,18,20,0.0
 06/29  22:24:00,-0.0013887985601173,7.500397026459016e-05,18,20,0.0
 06/29  22:25:00,-0.0014963662625819,0.00015599131835472005,18,20,0.0
 06/29  22:26:00,-0.0015153554710246,0.00014618589913261,18,20,0.0
 06/29  22:27:00,-0.0015185241203027,0.00012941777014809975,18,20,0.0
 06/29  22:28:00,-0.0015185241203027,0.00011043083042806996,18,20,0.0
 06/29  22:29:00,-0.0016292529096367,0.0001911005573495099,18,20,0.0
 06/29  22:30:00,-0.0017083481430505,0.00023222796125024997,18,20,0.0
 06/29  22:31:00,-0.0015976269161253,9.461102750450982e-05,18,20,0.0
 06/29  22:32:00,-0.0015185392451203,-3.46282697964999e-06,18,20,0.0
 06/29  22:33:00,-0.0015185392451203,-2.244825421792991e-05,18,20,0.0
 06/29  22:34:00,-0.0015786528325002,1.867990592368e-05,18,20,0.0
 06/29  22:35:00,-0.0015565176620057,-9.470404513200201e-06,18,20,0.0
 06/29  22:36:00,-0.001521723019216,-4.490180212203998e-05,18,20,0.0
 06/29  22:37:00,-0.0016577631907315,7.721446235058028e-05,18,20,0.0
 06/29  22:38:00,-0.0017083783926856,0.00010884423706638961,18,20,0.0
 06/29  22:39:00,-0.0017083783926856,0.00010093168876149972,18,20,0.0
 06/29  22:40:00,-0.0017083783926856,0.00010092866379799001,18,20,0.0
 06/29  22:41:00,-0.0017083783926856,8.985351614195988e-05,18,20,0.0
 06/29  22:42:00,-0.0017083708302768,7.086279521751021e-05,18,20,0.0
 06/29  22:43:00,-0.0017083708302768,5.187963670186019e-05,18,20,0.0
 06/29  22:44:00,-0.001708363267868,3.8901030756279724e-05,18,20,0.0
 06/29  22:45:00,-0.001708363267868,2.3716470170049827e-05,18,20,0.0
 06/29  22:46:00,-0.001708363267868,5.0524453048498164e-06,18,20,0.0
 06/29  22:47:00,-0.001708363267868,-7.562408799871578e-09,18,20,0.0
 06/29  22:48:00,-0.001708363267868,-6.049927040244207e-09,18,20,0.0
 06/29  22:49:00,-0.001708363267868,-4.5374452801831555e-09,18,20,0.0
 06/29  22:50:00,-0.001708363267868,-3.0249635199052632e-09,18,20,0.0
 06/29  22:51:00,-0.0017020335317205,-5.6982750145098075e-06,18,20,0.0
 06/29  22:52:00,-0.001708363267868,6.322173738697486e-07,18,20,0.0
 06/29  22:53:00,-0.0017083708302768,6.397797826702706e-07,18,20,0.0
 06/29  22:54:00,-0.0017083708302768,6.390235417902401e-07,18,20,0.0
 06/29  22:55:00,-0.0017083783926856,6.450734688298338e-07,18,20,0.0
 06/29  22:56:00,-0.0017083783926856,6.435609870702064e-07,18,20,0.0
 06/29  22:57:00,-0.0017052173058162,-2.20292967714991e-06,18,20,0.0
 06/29  22:58:00,-0.0016261296348112,-7.306723737647005e-05,18,20,0.0
 06/29  22:59:00,-0.0015881663427434,-9.901083693181017e-05,18,20,0.0
 06/29  23:00:00,-0.0015881587803347,-8.699795058717983e-05,18,20,0.0
 06/29  23:01:00,-0.0015280527553636,-0.00012970589792258994,18,20,0.0
 06/29  23:02:00,-0.0015185619323466,-0.00012021658738745012,18,20,0.0
 06/29  23:03:00,-0.0015185619323466,-0.00010123569759443022,18,20,0.0
 06/29  23:04:00,-0.0015185619323466,-8.225480780140989e-05,18,20,0.0
 06/29  23:05:00,-0.0015185543699379,-6.327996793534002e-05,18,20,0.0
 06/29  23:06:00,-0.0015185543699379,-4.429756566057003e-05,18,20,0.0
 06/29  23:07:00,-0.0015185468075291,-2.5638078240659964e-05,18,20,0.0
 06/29  23:08:00,-0.0015090559845121,-2.342153622775017e-05,18,20,0.0
 06/29  23:09:00,-0.0014900667760695,-3.260078800296001e-05,18,20,0.0
 06/29  23:10:00,-0.0014679164807574,-4.272685335732999e-05,18,20,0.0
 06/29  23:11:00,-0.0014426050985759,-5.94934698600598e-05,18,20,0.0
 06/29  23:12:00,-0.0014141326295251,-7.752300862871007e-05,18,20,0.0
 06/29  23:13:00,-0.0014489272723147,-3.576489983591995e-05,18,20,0.0
 06/29  23:14:00,-0.0014267769770027,-4.873669961353005e-05,18,20,0.0
 06/29  23:15:00,-0.0014425975361672,-2.532045707196004e-05,18,20,0.0
 06/29  23:16:00,-0.0015153554710246,4.775736767676994e-05,18,20,0.0
 06/29  23:17:00,-0.0014805532658262,1.6754516648659953e-05,18,20,0.0
 06/29  23:18:00,-0.0014615716197923,2.5213070867400548e-06,18,20,0.0
 06/29  23:19:00,-0.0015185241203027,5.662807317381984e-05,18,20,0.0
 06/29  23:20:00,-0.0015185241203027,5.1567309219289906e-05,18,20,0.0
 06/29  23:21:00,-0.0015185241203027,4.397540704660988e-05,18,20,0.0
 06/29  23:22:00,-0.0015185316827115,3.354306413677014e-05,18,20,0.0
 06/29  23:23:00,-0.0015216927695809,2.942760127954986e-05,18,20,0.0
 06/29  23:24:00,-0.0015217003319897,1.9942828189650113e-05,18,20,0.0
 06/29  23:25:00,-0.0015185316827115,9.180764257019991e-06,18,20,0.0
 06/29  23:26:00,-0.0015596636240575,4.588189029973021e-05,18,20,0.0
 06/29  23:27:00,-0.0016260993851761,9.776303948333983e-05,18,20,0.0
 06/29  23:28:00,-0.0016988573200335,0.00014679240431661987,18,20,0.0
 06/29  23:29:00,-0.0016893664970166,0.00012021734362832994,18,20,0.0
 06/29  23:30:00,-0.0016956962331641,0.00010882986848968984,18,20,0.0
 06/29  23:31:00,-0.0017051794937723,9.964759175092996e-05,18,20,0.0
 06/29  23:32:00,-0.0017083330182329,8.382098265939013e-05,18,20,0.0
 06/29  23:33:00,-0.0017083330182329,6.515695779419012e-05,18,20,0.0
 06/29  23:34:00,-0.0017051719313635,4.364871098740987e-05,18,20,0.0
 06/29  23:35:00,-0.0017051794937723,2.4991492290129917e-05,18,20,0.0
 06/29  23:36:00,-0.0016956962331641,1.904970771269849e-06,18,20,0.0
 06/29  23:37:00,-0.0016166085621592,-7.623361793193998e-05,18,20,0.0
 06/29  23:38:00,-0.0015818139193695,-9.932392065523988e-05,18,20,0.0
 06/29  23:39:00,-0.0015280300681373,-0.00013697412899951029,18,20,0.0
 06/29  23:40:00,-0.0015185468075291,-0.00012874244704421008,18,20,0.0
 06/29  23:41:00,-0.0015185468075291,-0.0001100791784198901,18,20,0.0
 06/29  23:42:00,-0.0015185468075291,-9.110055734951007e-05,18,20,0.0
 06/29  23:43:00,-0.0015185392451203,-7.212874244704988e-05,18,20,0.0
 06/29  23:44:00,-0.0015185468075291,-5.3458667654809845e-05,18,20,0.0
 06/29  23:45:00,-0.0015185468075291,-3.4795399030489865e-05,18,20,0.0
 06/29  23:46:00,-0.0015185543699379,-1.7073650299070063e-05,18,20,0.0
 06/29  23:47:00,-0.0015185468075291,-7.275037244860137e-06,18,20,0.0
 06/29  23:48:00,-0.0015185543699379,-9.415198928999606e-07,18,20,0.0
 06/29  23:49:00,-0.0015185619323466,1.2856094869879639e-08,18,20,0.0
 06/29  23:50:00,-0.0015185619323466,1.1343613119793247e-08,18,20,0.0
 06/29  23:51:00,-0.0015185543699379,3.0249635400714237e-09,18,20,0.0
 06/29  23:52:00,-0.0015185619323466,9.07489049011001e-09,18,20,0.0
 06/29  23:53:00,-0.0015185619323466,6.8061678599930925e-09,18,20,0.0
 06/29  23:54:00,-0.0015248841060854,5.695250051030018e-06,18,20,0.0
 06/29  23:55:00,-0.0015628398357444,3.922167688849977e-05,18,20,0.0
 06/29  23:56:00,-0.0015185543699379,-5.063788917999967e-06,18,20,0.0
 06/29  23:57:00,-0.0015185543699379,-5.064545158879998e-06,18,20,0.0
 06/29  23:58:00,-0.0015470268389887,2.0560676986840047e-05,18,20,0.0
 06/29  23:59:00,-0.0015881512179259,5.472612736611001e-05,18,20,0.0
 06/29  24:00:00,-0.0015185543699379,-1.4869964381019956e-05,18,20,0.0
